Time,CORE_BOTTOM:CHICAGO OHARE INTL AP ANN HTG 99.6% CONDNS DB:Des Heat Load [W],CORE_BOTTOM:CHICAGO OHARE INTL AP ANN CLG .4% CONDNS DB=>MWB:Des Sens Cool Load [W],CORE_BOTTOM:CHICAGO OHARE INTL AP ANN HTG 99.6% CONDNS DB:Des Heat Mass Flow [kg/s],CORE_BOTTOM:CHICAGO OHARE INTL AP ANN CLG .4% CONDNS DB=>MWB:Des Cool Mass Flow [kg/s],CORE_MID:CHICAGO OHARE INTL AP ANN HTG 99.6% CONDNS DB:Des Heat Load [W],CORE_MID:CHICAGO OHARE INTL AP ANN CLG .4% CONDNS DB=>MWB:Des Sens Cool Load [W],CORE_MID:CHICAGO OHARE INTL AP ANN HTG 99.6% CONDNS DB:Des Heat Mass Flow [kg/s],CORE_MID:CHICAGO OHARE INTL AP ANN CLG .4% CONDNS DB=>MWB:Des Cool Mass Flow [kg/s],CORE_TOP:CHICAGO OHARE INTL AP ANN HTG 99.6% CONDNS DB:Des Heat Load [W],CORE_TOP:CHICAGO OHARE INTL AP ANN CLG .4% CONDNS DB=>MWB:Des Sens Cool Load [W],CORE_TOP:CHICAGO OHARE INTL AP ANN HTG 99.6% CONDNS DB:Des Heat Mass Flow [kg/s],CORE_TOP:CHICAGO OHARE INTL AP ANN CLG .4% CONDNS DB=>MWB:Des Cool Mass Flow [kg/s],PERIMETER_TOP_ZN_3:CHICAGO OHARE INTL AP ANN HTG 99.6% CONDNS DB:Des Heat Load [W],PERIMETER_TOP_ZN_3:CHICAGO OHARE INTL AP ANN CLG .4% CONDNS DB=>MWB:Des Sens Cool Load [W],PERIMETER_TOP_ZN_3:CHICAGO OHARE INTL AP ANN HTG 99.6% CONDNS DB:Des Heat Mass Flow [kg/s],PERIMETER_TOP_ZN_3:CHICAGO OHARE INTL AP ANN CLG .4% CONDNS DB=>MWB:Des Cool Mass Flow [kg/s],PERIMETER_TOP_ZN_2:CHICAGO OHARE INTL AP ANN HTG 99.6% CONDNS DB:Des Heat Load [W],PERIMETER_TOP_ZN_2:CHICAGO OHARE INTL AP ANN CLG .4% CONDNS DB=>MWB:Des Sens Cool Load [W],PERIMETER_TOP_ZN_2:CHICAGO OHARE INTL AP ANN HTG 99.6% CONDNS DB:Des Heat Mass Flow [kg/s],PERIMETER_TOP_ZN_2:CHICAGO OHARE INTL AP ANN CLG .4% CONDNS DB=>MWB:Des Cool Mass Flow [kg/s],PERIMETER_TOP_ZN_1:CHICAGO OHARE INTL AP ANN HTG 99.6% CONDNS DB:Des Heat Load [W],PERIMETER_TOP_ZN_1:CHICAGO OHARE INTL AP ANN CLG .4% CONDNS DB=>MWB:Des Sens Cool Load [W],PERIMETER_TOP_ZN_1:CHICAGO OHARE INTL AP ANN HTG 99.6% CONDNS DB:Des Heat Mass Flow [kg/s],PERIMETER_TOP_ZN_1:CHICAGO OHARE INTL AP ANN CLG .4% CONDNS DB=>MWB:Des Cool Mass Flow [kg/s],PERIMETER_TOP_ZN_4:CHICAGO OHARE INTL AP ANN HTG 99.6% CONDNS DB:Des Heat Load [W],PERIMETER_TOP_ZN_4:CHICAGO OHARE INTL AP ANN CLG .4% CONDNS DB=>MWB:Des Sens Cool Load [W],PERIMETER_TOP_ZN_4:CHICAGO OHARE INTL AP ANN HTG 99.6% CONDNS DB:Des Heat Mass Flow [kg/s],PERIMETER_TOP_ZN_4:CHICAGO OHARE INTL AP ANN CLG .4% CONDNS DB=>MWB:Des Cool Mass Flow [kg/s],PERIMETER_BOT_ZN_3:CHICAGO OHARE INTL AP ANN HTG 99.6% CONDNS DB:Des Heat Load [W],PERIMETER_BOT_ZN_3:CHICAGO OHARE INTL AP ANN CLG .4% CONDNS DB=>MWB:Des Sens Cool Load [W],PERIMETER_BOT_ZN_3:CHICAGO OHARE INTL AP ANN HTG 99.6% CONDNS DB:Des Heat Mass Flow [kg/s],PERIMETER_BOT_ZN_3:CHICAGO OHARE INTL AP ANN CLG .4% CONDNS DB=>MWB:Des Cool Mass Flow [kg/s],PERIMETER_BOT_ZN_2:CHICAGO OHARE INTL AP ANN HTG 99.6% CONDNS DB:Des Heat Load [W],PERIMETER_BOT_ZN_2:CHICAGO OHARE INTL AP ANN CLG .4% CONDNS DB=>MWB:Des Sens Cool Load [W],PERIMETER_BOT_ZN_2:CHICAGO OHARE INTL AP ANN HTG 99.6% CONDNS DB:Des Heat Mass Flow [kg/s],PERIMETER_BOT_ZN_2:CHICAGO OHARE INTL AP ANN CLG .4% CONDNS DB=>MWB:Des Cool Mass Flow [kg/s],PERIMETER_BOT_ZN_1:CHICAGO OHARE INTL AP ANN HTG 99.6% CONDNS DB:Des Heat Load [W],PERIMETER_BOT_ZN_1:CHICAGO OHARE INTL AP ANN CLG .4% CONDNS DB=>MWB:Des Sens Cool Load [W],PERIMETER_BOT_ZN_1:CHICAGO OHARE INTL AP ANN HTG 99.6% CONDNS DB:Des Heat Mass Flow [kg/s],PERIMETER_BOT_ZN_1:CHICAGO OHARE INTL AP ANN CLG .4% CONDNS DB=>MWB:Des Cool Mass Flow [kg/s],PERIMETER_BOT_ZN_4:CHICAGO OHARE INTL AP ANN HTG 99.6% CONDNS DB:Des Heat Load [W],PERIMETER_BOT_ZN_4:CHICAGO OHARE INTL AP ANN CLG .4% CONDNS DB=>MWB:Des Sens Cool Load [W],PERIMETER_BOT_ZN_4:CHICAGO OHARE INTL AP ANN HTG 99.6% CONDNS DB:Des Heat Mass Flow [kg/s],PERIMETER_BOT_ZN_4:CHICAGO OHARE INTL AP ANN CLG .4% CONDNS DB=>MWB:Des Cool Mass Flow [kg/s],PERIMETER_MID_ZN_3:CHICAGO OHARE INTL AP ANN HTG 99.6% CONDNS DB:Des Heat Load [W],PERIMETER_MID_ZN_3:CHICAGO OHARE INTL AP ANN CLG .4% CONDNS DB=>MWB:Des Sens Cool Load [W],PERIMETER_MID_ZN_3:CHICAGO OHARE INTL AP ANN HTG 99.6% CONDNS DB:Des Heat Mass Flow [kg/s],PERIMETER_MID_ZN_3:CHICAGO OHARE INTL AP ANN CLG .4% CONDNS DB=>MWB:Des Cool Mass Flow [kg/s],PERIMETER_MID_ZN_2:CHICAGO OHARE INTL AP ANN HTG 99.6% CONDNS DB:Des Heat Load [W],PERIMETER_MID_ZN_2:CHICAGO OHARE INTL AP ANN CLG .4% CONDNS DB=>MWB:Des Sens Cool Load [W],PERIMETER_MID_ZN_2:CHICAGO OHARE INTL AP ANN HTG 99.6% CONDNS DB:Des Heat Mass Flow [kg/s],PERIMETER_MID_ZN_2:CHICAGO OHARE INTL AP ANN CLG .4% CONDNS DB=>MWB:Des Cool Mass Flow [kg/s],PERIMETER_MID_ZN_1:CHICAGO OHARE INTL AP ANN HTG 99.6% CONDNS DB:Des Heat Load [W],PERIMETER_MID_ZN_1:CHICAGO OHARE INTL AP ANN CLG .4% CONDNS DB=>MWB:Des Sens Cool Load [W],PERIMETER_MID_ZN_1:CHICAGO OHARE INTL AP ANN HTG 99.6% CONDNS DB:Des Heat Mass Flow [kg/s],PERIMETER_MID_ZN_1:CHICAGO OHARE INTL AP ANN CLG .4% CONDNS DB=>MWB:Des Cool Mass Flow [kg/s],PERIMETER_MID_ZN_4:CHICAGO OHARE INTL AP ANN HTG 99.6% CONDNS DB:Des Heat Load [W],PERIMETER_MID_ZN_4:CHICAGO OHARE INTL AP ANN CLG .4% CONDNS DB=>MWB:Des Sens Cool Load [W],PERIMETER_MID_ZN_4:CHICAGO OHARE INTL AP ANN HTG 99.6% CONDNS DB:Des Heat Mass Flow [kg/s],PERIMETER_MID_ZN_4:CHICAGO OHARE INTL AP ANN CLG .4% CONDNS DB=>MWB:Des Cool Mass Flow [kg/s]
00:15:00,0.000000E+00,1.842810E+04,0.000000E+00,1.299757E+00,0.000000E+00,6.885508E+03,0.000000E+00,4.855424E-01,0.000000E+00,6.824367E+03,0.000000E+00,4.811971E-01,2.706997E+03,1.133644E+03,1.088434E-01,7.997005E-02,1.821824E+03,7.619204E+02,7.324783E-02,5.374166E-02,2.743680E+03,1.230747E+03,1.103177E-01,8.680640E-02,1.894060E+03,1.005236E+03,7.614922E-02,7.088166E-02,3.729158E+01,4.901013E+02,1.500187E-03,3.455500E-02,7.087071E+01,3.352085E+02,2.849034E-03,2.363871E-02,7.062556E+01,5.675674E+02,2.841148E-03,4.002759E-02,1.017437E+02,4.987604E+02,4.090161E-03,3.516353E-02,1.119915E+03,1.168915E+03,4.505347E-02,8.245744E-02,8.245638E+02,7.869552E+02,3.316144E-02,5.550640E-02,1.192011E+03,1.269073E+03,4.794943E-02,8.950797E-02,8.893406E+02,1.037284E+03,3.575725E-02,7.314338E-02
00:30:00,0.000000E+00,1.910437E+04,0.000000E+00,1.346812E+00,0.000000E+00,7.609179E+03,0.000000E+00,5.364801E-01,0.000000E+00,7.526150E+03,0.000000E+00,5.306122E-01,3.149582E+03,1.264192E+03,1.266242E-01,8.915735E-02,2.106931E+03,8.475908E+02,8.470279E-02,5.977133E-02,3.177607E+03,1.365926E+03,1.277505E-01,9.632100E-02,2.179596E+03,1.105096E+03,8.762112E-02,7.791197E-02,8.591992E+01,5.820088E+02,3.454607E-03,4.103376E-02,1.238006E+02,3.955687E+02,4.976308E-03,2.789365E-02,1.333166E+02,6.677560E+02,5.360740E-03,4.709014E-02,1.637390E+02,5.787608E+02,6.581766E-03,4.080222E-02,1.386790E+03,1.305681E+03,5.577843E-02,9.208237E-02,1.012246E+03,8.766212E+02,4.070375E-02,6.181729E-02,1.468486E+03,1.410489E+03,5.906017E-02,9.946155E-02,1.085651E+03,1.140446E+03,4.364627E-02,8.040416E-02
00:45:00,0.000000E+00,1.941607E+04,0.000000E+00,1.368637E+00,0.000000E+00,8.036414E+03,0.000000E+00,5.664855E-01,0.000000E+00,7.938608E+03,0.000000E+00,5.595907E-01,3.464272E+03,1.342395E+03,1.392312E-01,9.463151E-02,2.304520E+03,8.980096E+02,9.261782E-02,6.330500E-02,3.479205E+03,1.444757E+03,1.398303E-01,1.018477E-01,2.375837E+03,1.150147E+03,9.548277E-02,8.107991E-02,1.510750E+02,6.689051E+02,6.073228E-03,4.715189E-02,1.865027E+02,4.468407E+02,7.496311E-03,3.149854E-02,2.133326E+02,7.463430E+02,8.576614E-03,5.261115E-02,2.350022E+02,6.194273E+02,9.445825E-03,4.366461E-02,1.658801E+03,1.391436E+03,6.670762E-02,9.808782E-02,1.189061E+03,9.305228E+02,4.780740E-02,6.559641E-02,1.738849E+03,1.494845E+03,6.992164E-02,1.053777E-01,1.261680E+03,1.188753E+03,5.071914E-02,8.380056E-02
01:00:00,0.000000E+00,1.967258E+04,0.000000E+00,1.386715E+00,0.000000E+00,8.238791E+03,0.000000E+00,5.807512E-01,0.000000E+00,8.133061E+03,0.000000E+00,5.732979E-01,3.697052E+03,1.380974E+03,1.485682E-01,9.735222E-02,2.452435E+03,9.214548E+02,9.855131E-02,6.495857E-02,3.705048E+03,1.480446E+03,1.488889E-01,1.043648E-01,2.522702E+03,1.164987E+03,1.013748E-01,8.212716E-02,2.301271E+02,7.130264E+02,9.250353E-03,5.026224E-02,2.574386E+02,4.707152E+02,1.034720E-02,3.318153E-02,3.061141E+02,7.816020E+02,1.230550E-02,5.509656E-02,3.143246E+02,6.313722E+02,1.263375E-02,4.450687E-02,1.882489E+03,1.434499E+03,7.567048E-02,1.011246E-01,1.331022E+03,9.566267E+02,5.349743E-02,6.743733E-02,1.958591E+03,1.534610E+03,7.872595E-02,1.081821E-01,1.400407E+03,1.206531E+03,5.628305E-02,8.505481E-02
01:15:00,0.000000E+00,1.985274E+04,0.000000E+00,1.399406E+00,0.000000E+00,8.457045E+03,0.000000E+00,5.961341E-01,0.000000E+00,8.340677E+03,0.000000E+00,5.879311E-01,3.877176E+03,1.412272E+03,1.558037E-01,9.955934E-02,2.568283E+03,9.409593E+02,1.032048E-01,6.633405E-02,3.882334E+03,1.511114E+03,1.560104E-01,1.065276E-01,2.637533E+03,1.178737E+03,1.059874E-01,8.309709E-02,3.206254E+02,7.160727E+02,1.288748E-02,5.047733E-02,3.355651E+02,4.724493E+02,1.348705E-02,3.330400E-02,4.100240E+02,7.854928E+02,1.648161E-02,5.537118E-02,4.007094E+02,6.378591E+02,1.610548E-02,4.496433E-02,2.025584E+03,1.469719E+03,8.140328E-02,1.036080E-01,1.429295E+03,9.788620E+02,5.743921E-02,6.900526E-02,2.103839E+03,1.569436E+03,8.454790E-02,1.106378E-01,1.500598E+03,1.222671E+03,6.030447E-02,8.619314E-02
01:30:00,0.000000E+00,2.000195E+04,0.000000E+00,1.409915E+00,0.000000E+00,8.623303E+03,0.000000E+00,6.078517E-01,0.000000E+00,8.495046E+03,0.000000E+00,5.988107E-01,4.022307E+03,1.433952E+03,1.616330E-01,1.010884E-01,2.662438E+03,9.531824E+02,1.069868E-01,6.719623E-02,4.026512E+03,1.530158E+03,1.618019E-01,1.078708E-01,2.731400E+03,1.182913E+03,1.097578E-01,8.339203E-02,4.212350E+02,7.364568E+02,1.693094E-02,5.191445E-02,4.200658E+02,4.832181E+02,1.688305E-02,3.406326E-02,5.238137E+02,8.019424E+02,2.105475E-02,5.653098E-02,4.933675E+02,6.434928E+02,1.982931E-02,4.536163E-02,2.146645E+03,1.495273E+03,8.626729E-02,1.054101E-01,1.508064E+03,9.935329E+02,6.060392E-02,7.003992E-02,2.223796E+03,1.592248E+03,8.936750E-02,1.122466E-01,1.578559E+03,1.229153E+03,6.343666E-02,8.665056E-02
01:45:00,0.000000E+00,2.013172E+04,0.000000E+00,1.419056E+00,0.000000E+00,8.768273E+03,0.000000E+00,6.180686E-01,0.000000E+00,8.627138E+03,0.000000E+00,6.081199E-01,4.148183E+03,1.448349E+03,1.666888E-01,1.021039E-01,2.745189E+03,9.607389E+02,1.103105E-01,6.772930E-02,4.153255E+03,1.542207E+03,1.668928E-01,1.087208E-01,2.814069E+03,1.182982E+03,1.130782E-01,8.339726E-02,5.309240E+02,7.438015E+02,2.133927E-02,5.243245E-02,5.103007E+02,4.865708E+02,2.050948E-02,3.429976E-02,6.465011E+02,8.074401E+02,2.598546E-02,5.691877E-02,5.776552E+02,6.437955E+02,2.321568E-02,4.538311E-02,2.254260E+03,1.513498E+03,9.059095E-02,1.066954E-01,1.576839E+03,1.003539E+03,6.336698E-02,7.074566E-02,2.329827E+03,1.608081E+03,9.362745E-02,1.133632E-01,1.646084E+03,1.231513E+03,6.614941E-02,8.681725E-02
02:00:00,0.000000E+00,2.024667E+04,0.000000E+00,1.427153E+00,0.000000E+00,8.898775E+03,0.000000E+00,6.272656E-01,0.000000E+00,8.743208E+03,0.000000E+00,6.162997E-01,4.259449E+03,1.458318E+03,1.711584E-01,1.028071E-01,2.819154E+03,9.652870E+02,1.132819E-01,6.805019E-02,4.267406E+03,1.549712E+03,1.714785E-01,1.092503E-01,2.888116E+03,1.180112E+03,1.160529E-01,8.319521E-02,6.488772E+02,7.481036E+02,2.607970E-02,5.273593E-02,5.749336E+02,4.883427E+02,2.310623E-02,3.442477E-02,7.585197E+02,8.104281E+02,3.048471E-02,5.712957E-02,6.428184E+02,6.419338E+02,2.583437E-02,4.525198E-02,2.345107E+03,1.527397E+03,9.424092E-02,1.076755E-01,1.635379E+03,1.010590E+03,6.571884E-02,7.124295E-02,2.419741E+03,1.619473E+03,9.723993E-02,1.141666E-01,1.703976E+03,1.230998E+03,6.847523E-02,8.678117E-02
02:15:00,0.000000E+00,2.036424E+04,0.000000E+00,1.435436E+00,0.000000E+00,9.032523E+03,0.000000E+00,6.366916E-01,0.000000E+00,8.860919E+03,0.000000E+00,6.245953E-01,4.360606E+03,1.468046E+03,1.752222E-01,1.034932E-01,2.887464E+03,9.695506E+02,1.160262E-01,6.835095E-02,4.373439E+03,1.556928E+03,1.757385E-01,1.097593E-01,2.956904E+03,1.177131E+03,1.188164E-01,8.298515E-02,7.371484E+02,7.532388E+02,2.962574E-02,5.309809E-02,6.351642E+02,4.908204E+02,2.552669E-02,3.459951E-02,8.449777E+02,8.145064E+02,3.395919E-02,5.741719E-02,7.016231E+02,6.404310E+02,2.819750E-02,4.514611E-02,2.426155E+03,1.541216E+03,9.749718E-02,1.086500E-01,1.687360E+03,1.017449E+03,6.780722E-02,7.172666E-02,2.499916E+03,1.630736E+03,1.004610E-01,1.149609E-01,1.755341E+03,1.230475E+03,7.053884E-02,8.674442E-02
02:30:00,0.000000E+00,2.047336E+04,0.000000E+00,1.443124E+00,0.000000E+00,9.158240E+03,0.000000E+00,6.455515E-01,0.000000E+00,8.969134E+03,0.000000E+00,6.322216E-01,4.453553E+03,1.475635E+03,1.789564E-01,1.040284E-01,2.951477E+03,9.723799E+02,1.185981E-01,6.855053E-02,4.474212E+03,1.561991E+03,1.797875E-01,1.101164E-01,3.021812E+03,1.172931E+03,1.214243E-01,8.268918E-02,8.211566E+02,7.571607E+02,3.300181E-02,5.337469E-02,6.869841E+02,4.926463E+02,2.760911E-02,3.472830E-02,9.275554E+02,8.175461E+02,3.727773E-02,5.763157E-02,7.522740E+02,6.380440E+02,3.023292E-02,4.497790E-02,2.499589E+03,1.553064E+03,1.004475E-01,1.094854E-01,1.734014E+03,1.022972E+03,6.968156E-02,7.211609E-02,2.572438E+03,1.640012E+03,1.033747E-01,1.156150E-01,1.801586E+03,1.228842E+03,7.239672E-02,8.662936E-02
02:45:00,0.000000E+00,2.057544E+04,0.000000E+00,1.450317E+00,0.000000E+00,9.277330E+03,0.000000E+00,6.539444E-01,0.000000E+00,9.069408E+03,0.000000E+00,6.392882E-01,4.540481E+03,1.481753E+03,1.824490E-01,1.044599E-01,3.013073E+03,9.742397E+02,1.210731E-01,6.868173E-02,4.570683E+03,1.565596E+03,1.836639E-01,1.103707E-01,3.083593E+03,1.168003E+03,1.239068E-01,8.234182E-02,8.952418E+02,7.602818E+02,3.597904E-02,5.359481E-02,7.332091E+02,4.941749E+02,2.946667E-02,3.483609E-02,9.993207E+02,8.201974E+02,4.016169E-02,5.781854E-02,7.977881E+02,6.351439E+02,3.206188E-02,4.477351E-02,2.566860E+03,1.563601E+03,1.031503E-01,1.102283E-01,1.776603E+03,1.027618E+03,7.139257E-02,7.244371E-02,2.638667E+03,1.647988E+03,1.060355E-01,1.161774E-01,1.843632E+03,1.226583E+03,7.408593E-02,8.647014E-02
03:00:00,0.000000E+00,2.067168E+04,0.000000E+00,1.457099E+00,0.000000E+00,9.391025E+03,0.000000E+00,6.619572E-01,0.000000E+00,9.163166E+03,0.000000E+00,6.458957E-01,4.623280E+03,1.486947E+03,1.857759E-01,1.048261E-01,3.071116E+03,9.755058E+02,1.234055E-01,6.877105E-02,4.662242E+03,1.568309E+03,1.873431E-01,1.105620E-01,3.141807E+03,1.162735E+03,1.262461E-01,8.197044E-02,9.616625E+02,7.630111E+02,3.864821E-02,5.378729E-02,7.751410E+02,4.955334E+02,3.115168E-02,3.493189E-02,1.064468E+03,8.225056E+02,4.277967E-02,5.798128E-02,8.391410E+02,6.320212E+02,3.372361E-02,4.455342E-02,2.629163E+03,1.573350E+03,1.056534E-01,1.109158E-01,1.815791E+03,1.031751E+03,7.296697E-02,7.273510E-02,2.699719E+03,1.655204E+03,1.084884E-01,1.166862E-01,1.882296E+03,1.224070E+03,7.563926E-02,8.629303E-02
03:15:00,0.000000E+00,2.076328E+04,0.000000E+00,1.463554E+00,0.000000E+00,9.500566E+03,0.000000E+00,6.696773E-01,0.000000E+00,9.251818E+03,0.000000E+00,6.521435E-01,4.704546E+03,1.491026E+03,1.890414E-01,1.051138E-01,3.126163E+03,9.760563E+02,1.256175E-01,6.880990E-02,4.749941E+03,1.569939E+03,1.908671E-01,1.106770E-01,3.196976E+03,1.156988E+03,1.284629E-01,8.156530E-02,1.022551E+03,7.652229E+02,4.109503E-02,5.394328E-02,8.136184E+02,4.965007E+02,3.269786E-02,3.500010E-02,1.124321E+03,8.242187E+02,4.518484E-02,5.810208E-02,8.771282E+02,6.285701E+02,3.525008E-02,4.431016E-02,2.687409E+03,1.582153E+03,1.079936E-01,1.115364E-01,1.852187E+03,1.035268E+03,7.442923E-02,7.298312E-02,2.756484E+03,1.661499E+03,1.107690E-01,1.171300E-01,1.918153E+03,1.221185E+03,7.707982E-02,8.608961E-02
03:30:00,0.000000E+00,2.085092E+04,0.000000E+00,1.469731E+00,0.000000E+00,9.606459E+03,0.000000E+00,6.771405E-01,0.000000E+00,9.336074E+03,0.000000E+00,6.580816E-01,4.782259E+03,1.494291E+03,1.921643E-01,1.053440E-01,3.178652E+03,9.760970E+02,1.277266E-01,6.881281E-02,4.833934E+03,1.570789E+03,1.942423E-01,1.107370E-01,3.249644E+03,1.150962E+03,1.305792E-01,8.114052E-02,1.078956E+03,7.671907E+02,4.336170E-02,5.408205E-02,8.492748E+02,4.971994E+02,3.413067E-02,3.504938E-02,1.179845E+03,8.255303E+02,4.741607E-02,5.819458E-02,9.123578E+02,6.249443E+02,3.666573E-02,4.405459E-02,2.742283E+03,1.590273E+03,1.101983E-01,1.121089E-01,1.886225E+03,1.038356E+03,7.579677E-02,7.320082E-02,2.809638E+03,1.667143E+03,1.129046E-01,1.175279E-01,1.951623E+03,1.218104E+03,7.842452E-02,8.587245E-02
03:45:00,0.000000E+00,2.093531E+04,0.000000E+00,1.475679E+00,0.000000E+00,9.709061E+03,0.000000E+00,6.843719E-01,0.000000E+00,9.416464E+03,0.000000E+00,6.637473E-01,4.857864E+03,1.496954E+03,1.952025E-01,1.055318E-01,3.229039E+03,9.757760E+02,1.297513E-01,6.879019E-02,4.915222E+03,1.571080E+03,1.975088E-01,1.107575E-01,3.300217E+03,1.144804E+03,1.326114E-01,8.070637E-02,1.131657E+03,7.691978E+02,4.547945E-02,5.422357E-02,8.825857E+02,4.977057E+02,3.546922E-02,3.508510E-02,1.231771E+03,8.265534E+02,4.950267E-02,5.826674E-02,9.452881E+02,6.212477E+02,3.798897E-02,4.379402E-02,2.794298E+03,1.597894E+03,1.122882E-01,1.126462E-01,1.918216E+03,1.041142E+03,7.708204E-02,7.339726E-02,2.859636E+03,1.672324E+03,1.149134E-01,1.178933E-01,1.982990E+03,1.214954E+03,7.968472E-02,8.565038E-02
04:00:00,0.000000E+00,2.101650E+04,0.000000E+00,1.481401E+00,0.000000E+00,9.808218E+03,0.000000E+00,6.913604E-01,0.000000E+00,9.493187E+03,0.000000E+00,6.691546E-01,4.931264E+03,1.499173E+03,1.981521E-01,1.056883E-01,3.277749E+03,9.752075E+02,1.317087E-01,6.875012E-02,4.993025E+03,1.570980E+03,2.006353E-01,1.107505E-01,3.349202E+03,1.138636E+03,1.345798E-01,8.027154E-02,1.181236E+03,7.711094E+02,4.747178E-02,5.435832E-02,9.139106E+02,4.980682E+02,3.672797E-02,3.511068E-02,1.280647E+03,8.273599E+02,5.146670E-02,5.832362E-02,9.762662E+02,6.175538E+02,3.923377E-02,4.353364E-02,2.843843E+03,1.605109E+03,1.142789E-01,1.131548E-01,1.948364E+03,1.043702E+03,7.829328E-02,7.357774E-02,2.906776E+03,1.677150E+03,1.168073E-01,1.182334E-01,2.012405E+03,1.211817E+03,8.086649E-02,8.542922E-02
04:15:00,0.000000E+00,2.109491E+04,0.000000E+00,1.486928E+00,0.000000E+00,9.904367E+03,0.000000E+00,6.981371E-01,0.000000E+00,9.566736E+03,0.000000E+00,6.743383E-01,5.002401E+03,1.501080E+03,2.010108E-01,1.058227E-01,3.324872E+03,9.744791E+02,1.336023E-01,6.869878E-02,5.067891E+03,1.570622E+03,2.036436E-01,1.107253E-01,3.396466E+03,1.132532E+03,1.364791E-01,7.984119E-02,1.228138E+03,7.729391E+02,4.935651E-02,5.448732E-02,9.435237E+02,4.983379E+02,3.791792E-02,3.512970E-02,1.326891E+03,8.280270E+02,5.332495E-02,5.837068E-02,1.005557E+03,6.139132E+02,4.041079E-02,4.327702E-02,2.891240E+03,1.612031E+03,1.161832E-01,1.136428E-01,1.976765E+03,1.046111E+03,7.943435E-02,7.374758E-02,2.951182E+03,1.681732E+03,1.185914E-01,1.185565E-01,2.039699E+03,1.208754E+03,8.196302E-02,8.521326E-02
04:30:00,0.000000E+00,2.117098E+04,0.000000E+00,1.492290E+00,0.000000E+00,9.997875E+03,0.000000E+00,7.047278E-01,0.000000E+00,9.637502E+03,0.000000E+00,6.793259E-01,5.071482E+03,1.502779E+03,2.037869E-01,1.059425E-01,3.370492E+03,9.736594E+02,1.354355E-01,6.864099E-02,5.140078E+03,1.570109E+03,2.065443E-01,1.106891E-01,3.442246E+03,1.126544E+03,1.383188E-01,7.941903E-02,1.272704E+03,7.747466E+02,5.114732E-02,5.461476E-02,9.716358E+02,4.985594E+02,3.904757E-02,3.514533E-02,1.370823E+03,8.286219E+02,5.509033E-02,5.841264E-02,1.033366E+03,6.103653E+02,4.152824E-02,4.302692E-02,2.936630E+03,1.618757E+03,1.180069E-01,1.141170E-01,2.003218E+03,1.048434E+03,8.049707E-02,7.391133E-02,2.992497E+03,1.686167E+03,1.202512E-01,1.188691E-01,2.065770E+03,1.205812E+03,8.301036E-02,8.500587E-02
04:45:00,0.000000E+00,2.124623E+04,0.000000E+00,1.497594E+00,0.000000E+00,1.009033E+04,0.000000E+00,7.112442E-01,0.000000E+00,9.706819E+03,0.000000E+00,6.842115E-01,5.138791E+03,1.520474E+03,2.064918E-01,1.071899E-01,3.414811E+03,9.860119E+02,1.372165E-01,6.951181E-02,5.209936E+03,1.575343E+03,2.093515E-01,1.110581E-01,3.486755E+03,1.124641E+03,1.401074E-01,7.928491E-02,1.315220E+03,7.907885E+02,5.285581E-02,5.574562E-02,9.984267E+02,5.106290E+02,4.012412E-02,3.599618E-02,1.412722E+03,8.343015E+02,5.677399E-02,5.881303E-02,1.059867E+03,6.105063E+02,4.259315E-02,4.303687E-02,2.980150E+03,1.641789E+03,1.197555E-01,1.157407E-01,2.028573E+03,1.064161E+03,8.151567E-02,7.502004E-02,3.032114E+03,1.696520E+03,1.218428E-01,1.195990E-01,2.090823E+03,1.207064E+03,8.401686E-02,8.509414E-02
05:00:00,0.000000E+00,2.132298E+04,0.000000E+00,1.503004E+00,0.000000E+00,1.018386E+04,0.000000E+00,7.178368E-01,0.000000E+00,9.777522E+03,0.000000E+00,6.891949E-01,5.204586E+03,1.554371E+03,2.091358E-01,1.095798E-01,3.457997E+03,1.045027E+03,1.389520E-01,7.367246E-02,5.277689E+03,1.580311E+03,2.120741E-01,1.114084E-01,3.530209E+03,1.124652E+03,1.418537E-01,7.928570E-02,1.355888E+03,8.219044E+02,5.449003E-02,5.793923E-02,1.024021E+03,5.630955E+02,4.115261E-02,3.969490E-02,1.452780E+03,8.399326E+02,5.838367E-02,5.921004E-02,1.085183E+03,6.123877E+02,4.361040E-02,4.316953E-02,3.021876E+03,1.681519E+03,1.214320E-01,1.185417E-01,2.052976E+03,1.127697E+03,8.249605E-02,7.949931E-02,3.070290E+03,1.706613E+03,1.233765E-01,1.203106E-01,2.115075E+03,1.210257E+03,8.499126E-02,8.531924E-02
05:15:00,0.000000E+00,2.140492E+04,0.000000E+00,1.508779E+00,0.000000E+00,1.028200E+04,0.000000E+00,7.247539E-01,2.217709E+03,9.854365E+03,9.204714E-02,6.946111E-01,5.878878E+03,1.622319E+03,2.391092E-01,1.143704E-01,3.895533E+03,1.182603E+03,1.584421E-01,8.337248E-02,5.956725E+03,1.587587E+03,2.422757E-01,1.119214E-01,3.970145E+03,1.125511E+03,1.614715E-01,7.934628E-02,1.992182E+03,8.814060E+02,8.137411E-02,6.213401E-02,1.420162E+03,6.859209E+02,5.794040E-02,4.835423E-02,2.078319E+03,8.475235E+02,8.484004E-02,5.974519E-02,1.478571E+03,6.149885E+02,6.030042E-02,4.335291E-02,3.559633E+03,1.755660E+03,1.446871E-01,1.237687E-01,2.394924E+03,1.270687E+03,9.734495E-02,8.958071E-02,3.609904E+03,1.718663E+03,1.467383E-01,1.211601E-01,2.459701E+03,1.214063E+03,9.998290E-02,8.558765E-02
05:30:00,0.000000E+00,2.149557E+04,0.000000E+00,1.515169E+00,0.000000E+00,1.038837E+04,0.000000E+00,7.322512E-01,2.336926E+03,9.942725E+03,9.726647E-02,7.008391E-01,6.201860E+03,1.732499E+03,2.555128E-01,1.221387E-01,4.111456E+03,1.420799E+03,1.693996E-01,1.001680E-01,6.283628E+03,1.596862E+03,2.588829E-01,1.125753E-01,4.187986E+03,1.127611E+03,1.725453E-01,7.949438E-02,2.148280E+03,9.754128E+02,8.877113E-02,6.876151E-02,1.528894E+03,8.995812E+02,6.313172E-02,6.341865E-02,2.239906E+03,8.565892E+02,9.252158E-02,6.038433E-02,1.588309E+03,6.185016E+02,6.556355E-02,4.360060E-02,3.741295E+03,1.871978E+03,1.539506E-01,1.319696E-01,2.524740E+03,1.514881E+03,1.039237E-01,1.067984E-01,3.801413E+03,1.732013E+03,1.564597E-01,1.221013E-01,2.592098E+03,1.218648E+03,1.067031E-01,8.591090E-02
05:45:00,0.000000E+00,2.159712E+04,0.000000E+00,1.522327E+00,0.000000E+00,1.050540E+04,0.000000E+00,7.405001E-01,3.848233E+03,1.004743E+04,1.634313E-01,7.082192E-01,6.728191E+03,1.870475E+03,2.808427E-01,1.318671E-01,4.452605E+03,1.754753E+03,1.858551E-01,1.237170E-01,6.812306E+03,1.614325E+03,2.843487E-01,1.138065E-01,4.530259E+03,1.136298E+03,1.890823E-01,8.010685E-02,2.573244E+03,1.091018E+03,1.079559E-01,7.691192E-02,1.803876E+03,1.201937E+03,7.561179E-02,8.473810E-02,2.668281E+03,8.740308E+02,1.118994E-01,6.161391E-02,1.863469E+03,6.272415E+02,7.807906E-02,4.421676E-02,4.174534E+03,2.015150E+03,1.742436E-01,1.420639E-01,2.810627E+03,1.854695E+03,1.173438E-01,1.307592E-01,4.243124E+03,1.752431E+03,1.771488E-01,1.235407E-01,2.879789E+03,1.229093E+03,1.202303E-01,8.664728E-02
06:00:00,0.000000E+00,2.171092E+04,0.000000E+00,1.530349E+00,0.000000E+00,1.063458E+04,0.000000E+00,7.496059E-01,4.922349E+03,1.017275E+04,2.104560E-01,7.170528E-01,7.162170E+03,2.023681E+03,3.021582E-01,1.426693E-01,4.734827E+03,2.184790E+03,1.997496E-01,1.540412E-01,7.249291E+03,1.644522E+03,3.058284E-01,1.159355E-01,4.813703E+03,1.151272E+03,2.030627E-01,8.116263E-02,2.908863E+03,1.218590E+03,1.232458E-01,8.590610E-02,2.022382E+03,1.595154E+03,8.562996E-02,1.124645E-01,3.007340E+03,8.998728E+02,1.273837E-01,6.343574E-02,2.082448E+03,6.421325E+02,8.814545E-02,4.526656E-02,4.521406E+03,2.171793E+03,1.907728E-01,1.531080E-01,3.041426E+03,2.289832E+03,1.283624E-01,1.614413E-01,4.598862E+03,1.783828E+03,1.940897E-01,1.257543E-01,3.112676E+03,1.244753E+03,1.313675E-01,8.775138E-02
06:15:00,4.559560E+02,2.410562E+04,2.154470E-02,1.727009E+00,1.772867E+03,1.313822E+04,8.004640E-02,9.443215E-01,8.532315E+03,1.266588E+04,3.752110E-01,9.106017E-01,8.104920E+03,2.771958E+03,3.501339E-01,2.003187E-01,5.340552E+03,3.154704E+03,2.306870E-01,2.292328E-01,8.197324E+03,2.234147E+03,3.541189E-01,1.612756E-01,5.421712E+03,1.528524E+03,2.341722E-01,1.102777E-01,3.723098E+03,1.846634E+03,1.617643E-01,1.335256E-01,2.551772E+03,2.490673E+03,1.108188E-01,1.814240E-01,3.838583E+03,1.389961E+03,1.667918E-01,1.002951E-01,2.612647E+03,9.603601E+02,1.134260E-01,6.930813E-02,5.339348E+03,2.922888E+03,2.309072E-01,2.110969E-01,3.574829E+03,3.263321E+03,1.546305E-01,2.369839E-01,5.429634E+03,2.375827E+03,2.348723E-01,1.713858E-01,3.650171E+03,1.623487E+03,1.578800E-01,1.170639E-01
06:30:00,4.559560E+02,2.516731E+04,2.154470E-02,1.838587E+00,1.772867E+03,1.424409E+04,8.004640E-02,1.045796E+00,1.021373E+04,1.378490E+04,4.560398E-01,1.012592E+00,8.630536E+03,3.250963E+03,3.806292E-01,2.406436E-01,5.681602E+03,4.036211E+03,2.505545E-01,3.012255E-01,8.726985E+03,2.588224E+03,3.848818E-01,1.916398E-01,5.764743E+03,1.755553E+03,2.542068E-01,1.298711E-01,4.157204E+03,2.227984E+03,1.840281E-01,1.651138E-01,2.839928E+03,3.306571E+03,1.257176E-01,2.475681E-01,4.281418E+03,1.644003E+03,1.895699E-01,1.217186E-01,2.902768E+03,1.126232E+03,1.284790E-01,8.336547E-02,5.783086E+03,3.398043E+03,2.552787E-01,2.512757E-01,3.870826E+03,4.144735E+03,1.709153E-01,3.090735E-01,5.885918E+03,2.726636E+03,2.598833E-01,2.016506E-01,3.949060E+03,1.847404E+03,1.743657E-01,1.365172E-01
06:45:00,6.772113E+02,2.706721E+04,3.221772E-02,2.017596E+00,2.967435E+03,1.619524E+04,1.376987E-01,1.215281E+00,1.301026E+04,1.577612E+04,5.904750E-01,1.184724E+00,9.310880E+03,3.874734E+03,4.186205E-01,2.927644E-01,6.118017E+03,5.073422E+03,2.750443E-01,3.858634E-01,9.410738E+03,3.126010E+03,4.231107E-01,2.368244E-01,6.202938E+03,2.094786E+03,2.788540E-01,1.585141E-01,4.800438E+03,2.771515E+03,2.163780E-01,2.098763E-01,3.255535E+03,4.279877E+03,1.467637E-01,3.264809E-01,4.930685E+03,2.108493E+03,2.223038E-01,1.601012E-01,3.319585E+03,1.420799E+03,1.496429E-01,1.077941E-01,6.409507E+03,4.012601E+03,2.884652E-01,3.028278E-01,4.279772E+03,5.178522E+03,1.926507E-01,3.935456E-01,6.524126E+03,3.254369E+03,2.936726E-01,2.461974E-01,4.360655E+03,2.180344E+03,1.962902E-01,1.647688E-01
07:00:00,8.834258E+02,2.869592E+04,4.213115E-02,2.174954E+00,3.827755E+03,1.786808E+04,1.790620E-01,1.362559E+00,1.535803E+04,1.750654E+04,7.033371E-01,1.336029E+00,9.879714E+03,4.413654E+03,4.513127E-01,3.382335E-01,6.482392E+03,6.093008E+03,2.961108E-01,4.695450E-01,9.982835E+03,3.617280E+03,4.560340E-01,2.782727E-01,6.569013E+03,2.401893E+03,3.000745E-01,1.845893E-01,5.347446E+03,3.226507E+03,2.441362E-01,2.476802E-01,3.609724E+03,5.238236E+03,1.648788E-01,4.045927E-01,5.484405E+03,2.516541E+03,2.504782E-01,1.939547E-01,3.675162E+03,1.677255E+03,1.678842E-01,1.291762E-01,6.940210E+03,4.537007E+03,3.170857E-01,3.473134E-01,4.626651E+03,6.190455E+03,2.114250E-01,4.767372E-01,7.066341E+03,3.731759E+03,3.228827E-01,2.867064E-01,4.709989E+03,2.478225E+03,2.152450E-01,1.902209E-01
07:15:00,2.597369E+03,3.167945E+04,1.259964E-01,2.462172E+00,6.357924E+03,2.088921E+04,3.044687E-01,1.633580E+00,1.737929E+04,2.060680E+04,8.235037E-01,1.612869E+00,1.033268E+04,5.251534E+03,4.845509E-01,4.120284E-01,6.768675E+03,7.359147E+03,3.173662E-01,5.796093E-01,1.043652E+04,4.453770E+03,4.894116E-01,3.512231E-01,6.855636E+03,2.931098E+03,3.214342E-01,2.309371E-01,5.744876E+03,3.956476E+03,2.707177E-01,3.109424E-01,3.881143E+03,6.438737E+03,1.828272E-01,5.081282E-01,5.900345E+03,3.238112E+03,2.780133E-01,2.558714E-01,3.951211E+03,2.135525E+03,1.861085E-01,1.686284E-01,7.444380E+03,5.354804E+03,3.499220E-01,4.196866E-01,4.958518E+03,7.444582E+03,2.330041E-01,5.859831E-01,7.578404E+03,4.549618E+03,3.561905E-01,3.583378E-01,5.042323E+03,2.995306E+03,2.369263E-01,2.357153E-01
07:30:00,2.805076E+03,3.370719E+04,1.367170E-01,2.685959E+00,7.540428E+03,2.295305E+04,3.655027E-01,1.837088E+00,2.008295E+04,2.277281E+04,9.639851E-01,1.824267E+00,1.080880E+04,5.858603E+03,5.165931E-01,4.701956E-01,7.068141E+03,8.426363E+03,3.377964E-01,6.790000E-01,1.091315E+04,5.118656E+03,5.215811E-01,4.128823E-01,7.155585E+03,3.351676E+03,3.419746E-01,2.701636E-01,6.331957E+03,4.467290E+03,3.034719E-01,3.588720E-01,4.254989E+03,7.450180E+03,2.039159E-01,6.012372E-01,6.488992E+03,3.793886E+03,3.109878E-01,3.064091E-01,4.325772E+03,2.488608E+03,2.073026E-01,2.008782E-01,8.002664E+03,5.935578E+03,3.830191E-01,4.758986E-01,5.310573E+03,8.495139E+03,2.541453E-01,6.841738E-01,8.136128E+03,5.190449E+03,3.893942E-01,4.182027E-01,5.394850E+03,3.400417E+03,2.581742E-01,2.737958E-01
07:45:00,4.080765E+03,3.610072E+04,2.025607E-01,2.942179E+00,9.527262E+03,2.539999E+04,4.680515E-01,2.074529E+00,2.199773E+04,2.533872E+04,1.074655E+00,2.071115E+00,1.116374E+04,6.521463E+03,5.440455E-01,5.337291E-01,7.292097E+03,9.450946E+03,3.553572E-01,7.763514E-01,1.126944E+04,5.870682E+03,5.491940E-01,4.823123E-01,7.380672E+03,3.823482E+03,3.596731E-01,3.139771E-01,6.761555E+03,5.042633E+03,3.302473E-01,4.128235E-01,4.530843E+03,8.425834E+03,2.212767E-01,6.927723E-01,6.921676E+03,4.439412E+03,3.380451E-01,3.649482E-01,4.603042E+03,2.895867E+03,2.247982E-01,2.379525E-01,8.412581E+03,6.567586E+03,4.104752E-01,5.370731E-01,5.569881E+03,9.499503E+03,2.717499E-01,7.800191E-01,8.546671E+03,5.914251E+03,4.170044E-01,4.854651E-01,5.655367E+03,3.853987E+03,2.759164E-01,3.162153E-01
08:00:00,4.983004E+03,3.831184E+04,2.491290E-01,3.182816E+00,1.120968E+04,2.765503E+04,5.548880E-01,2.295578E+00,2.403157E+04,2.772778E+04,1.188045E+00,2.302986E+00,1.151791E+04,7.142258E+03,5.708003E-01,5.938436E-01,7.514670E+03,1.037292E+04,3.724284E-01,8.663732E-01,1.162437E+04,6.598493E+03,5.760831E-01,5.498383E-01,7.604202E+03,4.274003E+03,3.768742E-01,3.560228E-01,7.203483E+03,5.574503E+03,3.570010E-01,4.631780E-01,4.813208E+03,9.300484E+03,2.385574E-01,7.770269E-01,7.366566E+03,5.060596E+03,3.650739E-01,4.215009E-01,4.886520E+03,3.279025E+03,2.422001E-01,2.730152E-01,8.828875E+03,7.153710E+03,4.376270E-01,5.944751E-01,5.832686E+03,1.039823E+04,2.891283E-01,8.682645E-01,8.963510E+03,6.610325E+03,4.443051E-01,5.504966E-01,5.919234E+03,4.283890E+03,2.934257E-01,3.566465E-01
08:15:00,5.410211E+03,3.817901E+04,2.731680E-01,3.229447E+00,1.106948E+04,2.747219E+04,5.591102E-01,2.325649E+00,2.342163E+04,2.771047E+04,1.178133E+00,2.346901E+00,1.131813E+04,7.168348E+03,5.686570E-01,6.071471E-01,7.384044E+03,1.075383E+04,3.709854E-01,9.114288E-01,1.142286E+04,6.789725E+03,5.739136E-01,5.761516E-01,7.473418E+03,4.364312E+03,3.754725E-01,3.701787E-01,7.136980E+03,5.602177E+03,3.590445E-01,4.745853E-01,4.764852E+03,9.668290E+03,2.396795E-01,8.196555E-01,7.289284E+03,5.236317E+03,3.666872E-01,4.446603E-01,4.838941E+03,3.358303E+03,2.433996E-01,2.850317E-01,8.741688E+03,7.139964E+03,4.395596E-01,6.044727E-01,5.771782E+03,1.075337E+04,2.902005E-01,9.112013E-01,8.873320E+03,6.763164E+03,4.461639E-01,5.736391E-01,5.857808E+03,4.349192E+03,2.945197E-01,3.687309E-01
08:30:00,6.263945E+03,3.933652E+04,3.172328E-01,3.357574E+00,1.266103E+04,2.864234E+04,6.412571E-01,2.445223E+00,2.465531E+04,2.904911E+04,1.247765E+00,2.480916E+00,1.149898E+04,7.469863E+03,5.822015E-01,6.383174E-01,7.494133E+03,1.121846E+04,3.794355E-01,9.592746E-01,1.160303E+04,7.251385E+03,5.874706E-01,6.204918E-01,7.583606E+03,4.610557E+03,3.839669E-01,3.943453E-01,7.427767E+03,5.877778E+03,3.762184E-01,5.021360E-01,4.942558E+03,1.010722E+04,2.503429E-01,8.643580E-01,7.577434E+03,5.677845E+03,3.837985E-01,4.858608E-01,5.016286E+03,3.592470E+03,2.540782E-01,3.072477E-01,9.003916E+03,7.402220E+03,4.560320E-01,6.323003E-01,5.932636E+03,1.119157E+04,3.004749E-01,9.568107E-01,9.133869E+03,7.186249E+03,4.626105E-01,6.147002E-01,6.018641E+03,4.571227E+03,3.048311E-01,3.908375E-01
08:45:00,6.873446E+03,3.961980E+04,3.494386E-01,3.415285E+00,1.302534E+04,2.892878E+04,6.640648E-01,2.493626E+00,2.470279E+04,2.950548E+04,1.260121E+00,2.544058E+00,1.149430E+04,7.619408E+03,5.867503E-01,6.573395E-01,7.488683E+03,1.150334E+04,3.822809E-01,9.925940E-01,1.159813E+04,7.566575E+03,5.920532E-01,6.533687E-01,7.578425E+03,4.748190E+03,3.868648E-01,4.098328E-01,7.490352E+03,5.980462E+03,3.823742E-01,5.158197E-01,4.980185E+03,1.036211E+04,2.542400E-01,8.941652E-01,7.639956E+03,5.941067E+03,3.900146E-01,5.130031E-01,5.054319E+03,3.698382E+03,2.580273E-01,3.191855E-01,9.062827E+03,7.511167E+03,4.626781E-01,6.478319E-01,5.966917E+03,1.144860E+04,3.046295E-01,9.877526E-01,9.191731E+03,7.463306E+03,4.692602E-01,6.442948E-01,6.053139E+03,4.683729E+03,3.090339E-01,4.041659E-01
09:00:00,7.479436E+03,4.014165E+04,3.814465E-01,3.491992E+00,1.369695E+04,2.945852E+04,7.017710E-01,2.561407E+00,2.513812E+04,3.021653E+04,1.290906E+00,2.627679E+00,1.157405E+04,7.853248E+03,5.952892E-01,6.832447E-01,7.537578E+03,1.173665E+04,3.876934E-01,1.021608E+00,1.167764E+04,7.979275E+03,6.006241E-01,6.944388E-01,7.627639E+03,4.927979E+03,3.923323E-01,4.287849E-01,7.632919E+03,6.166383E+03,3.923334E-01,5.362584E-01,5.068515E+03,1.056484E+04,2.605465E-01,9.195882E-01,7.781678E+03,6.305152E+03,3.999959E-01,5.485621E-01,5.142892E+03,3.848842E+03,2.643779E-01,3.347546E-01,9.199930E+03,7.702560E+03,4.730368E-01,6.700549E-01,6.051675E+03,1.165251E+04,3.111796E-01,1.014233E+00,9.327840E+03,7.835218E+03,4.796247E-01,6.818277E-01,6.138171E+03,4.837143E+03,3.156351E-01,4.208320E-01
09:15:00,6.562176E+03,3.927651E+04,3.387014E-01,3.436278E+00,1.267567E+04,2.860543E+04,6.542443E-01,2.502708E+00,2.362896E+04,2.955175E+04,1.219589E+00,2.585506E+00,1.113610E+04,7.766504E+03,5.747553E-01,6.795143E-01,7.253564E+03,1.161881E+04,3.743697E-01,1.016420E+00,1.123806E+04,8.097289E+03,5.800180E-01,7.084664E-01,7.343280E+03,4.895049E+03,3.790002E-01,4.282858E-01,7.313578E+03,6.055309E+03,3.774687E-01,5.297985E-01,4.858659E+03,1.042484E+04,2.507658E-01,9.119833E-01,7.459754E+03,6.399872E+03,3.850136E-01,5.599559E-01,4.932536E+03,3.802882E+03,2.545790E-01,3.327296E-01,8.850538E+03,7.571705E+03,4.567925E-01,6.624649E-01,5.822903E+03,1.150401E+04,3.005307E-01,1.006370E+00,8.975836E+03,7.910798E+03,4.632596E-01,6.921426E-01,5.908901E+03,4.776672E+03,3.049693E-01,4.179244E-01
09:30:00,7.137815E+03,3.933414E+04,3.684125E-01,3.441418E+00,1.298181E+04,2.867424E+04,6.700455E-01,2.508767E+00,2.348894E+04,2.981334E+04,1.212362E+00,2.608433E+00,1.100321E+04,7.880542E+03,5.678951E-01,6.895041E-01,7.163048E+03,1.156655E+04,3.696970E-01,1.011945E+00,1.110405E+04,8.440046E+03,5.730997E-01,7.384662E-01,7.252540E+03,4.979531E+03,3.743158E-01,4.356841E-01,7.270615E+03,6.134851E+03,3.752513E-01,5.367637E-01,4.824512E+03,1.034615E+04,2.490033E-01,9.051700E-01,7.414831E+03,6.707050E+03,3.826951E-01,5.868366E-01,4.898068E+03,3.867076E+03,2.527999E-01,3.383490E-01,8.787875E+03,7.640885E+03,4.535576E-01,6.685298E-01,5.776281E+03,1.142035E+04,2.981239E-01,9.991476E-01,8.911212E+03,8.210290E+03,4.599235E-01,7.183570E-01,5.861951E+03,4.833029E+03,3.025456E-01,4.228620E-01
09:45:00,6.633629E+03,3.899249E+04,3.423893E-01,3.411543E+00,1.246528E+04,2.832410E+04,6.433850E-01,2.478138E+00,2.270334E+04,2.966465E+04,1.171814E+00,2.595429E+00,1.076695E+04,7.923350E+03,5.557013E-01,6.932502E-01,7.008936E+03,1.142110E+04,3.617429E-01,9.992468E-01,1.086699E+04,8.743785E+03,5.608643E-01,7.650413E-01,7.098314E+03,5.016343E+03,3.663559E-01,4.389046E-01,7.103371E+03,6.134223E+03,3.666209E-01,5.367077E-01,4.713687E+03,1.017038E+04,2.432842E-01,8.898110E-01,7.246123E+03,6.965218E+03,3.739890E-01,6.094229E-01,4.787076E+03,3.877783E+03,2.470721E-01,3.392844E-01,8.608049E+03,7.637222E+03,4.442773E-01,6.682101E-01,5.657452E+03,1.124240E+04,2.919913E-01,9.836057E-01,8.729876E+03,8.468956E+03,4.505651E-01,7.409888E-01,5.742944E+03,4.840758E+03,2.964038E-01,4.235381E-01
10:00:00,6.492174E+03,3.880018E+04,3.350883E-01,3.394716E+00,1.223624E+04,2.813045E+04,6.315637E-01,2.461192E+00,2.219721E+04,2.967994E+04,1.145691E+00,2.596763E+00,1.060404E+04,8.005301E+03,5.472937E-01,7.004185E-01,6.902227E+03,1.123485E+04,3.562357E-01,9.829580E-01,1.070327E+04,9.115160E+03,5.524148E-01,7.975317E-01,6.991514E+03,5.078256E+03,3.608440E-01,4.443197E-01,7.001249E+03,6.170944E+03,3.613519E-01,5.399180E-01,4.645082E+03,9.953502E+03,2.397443E-01,8.708394E-01,7.142569E+03,7.288242E+03,3.686460E-01,6.376818E-01,4.718334E+03,3.912287E+03,2.435251E-01,3.423010E-01,8.495285E+03,7.671170E+03,4.384585E-01,6.711789E-01,5.582079E+03,1.102269E+04,2.881019E-01,9.643897E-01,8.615649E+03,8.793403E+03,4.446708E-01,7.693737E-01,5.667426E+03,4.872592E+03,2.925068E-01,4.263218E-01
10:15:00,6.359952E+03,3.865099E+04,3.282637E-01,3.381665E+00,1.204116E+04,2.797781E+04,6.214944E-01,2.447837E+00,2.176346E+04,2.974226E+04,1.123303E+00,2.602216E+00,1.046773E+04,8.098103E+03,5.402586E-01,7.085373E-01,6.813096E+03,1.099544E+04,3.516356E-01,9.620128E-01,1.056620E+04,9.517550E+03,5.453408E-01,8.327371E-01,6.902308E+03,5.147479E+03,3.562400E-01,4.503754E-01,6.917860E+03,6.216274E+03,3.570490E-01,5.438829E-01,4.589110E+03,9.683202E+03,2.368560E-01,8.471912E-01,7.057869E+03,7.639265E+03,3.642754E-01,6.683922E-01,4.662250E+03,3.952547E+03,2.406310E-01,3.458223E-01,8.402834E+03,7.714715E+03,4.336875E-01,6.749882E-01,5.520348E+03,1.074928E+04,2.849161E-01,9.404707E-01,8.521863E+03,9.147230E+03,4.398309E-01,8.003304E-01,5.605573E+03,4.910917E+03,2.893148E-01,4.296744E-01
10:30:00,6.247992E+03,3.852511E+04,3.224850E-01,3.370652E+00,1.187223E+04,2.784808E+04,6.127754E-01,2.436489E+00,2.138173E+04,2.983139E+04,1.103601E+00,2.610016E+00,1.035035E+04,8.195590E+03,5.342004E-01,7.170666E-01,6.736477E+03,1.070140E+04,3.476811E-01,9.362873E-01,1.044811E+04,9.936444E+03,5.392458E-01,8.693872E-01,6.825624E+03,5.220104E+03,3.522821E-01,4.567294E-01,6.846895E+03,6.264944E+03,3.533868E-01,5.481407E-01,4.541556E+03,9.358745E+03,2.344019E-01,8.188039E-01,6.985688E+03,8.004950E+03,3.605504E-01,7.003862E-01,4.614593E+03,3.995268E+03,2.381716E-01,3.495597E-01,8.323767E+03,7.762077E+03,4.296069E-01,6.791321E-01,5.467644E+03,1.042113E+04,2.821961E-01,9.117601E-01,8.441558E+03,9.516291E+03,4.356864E-01,8.326205E-01,5.552756E+03,4.952084E+03,2.865889E-01,4.332761E-01
10:45:00,6.150379E+03,3.841510E+04,3.174468E-01,3.361029E+00,1.172172E+04,2.773405E+04,6.050069E-01,2.426514E+00,2.104038E+04,2.993797E+04,1.085982E+00,2.619342E+00,1.024706E+04,8.294575E+03,5.288690E-01,7.257272E-01,6.669151E+03,1.035603E+04,3.442062E-01,9.060693E-01,1.034413E+04,1.036024E+04,5.338791E-01,9.064662E-01,6.758234E+03,5.294013E+03,3.488039E-01,4.631959E-01,6.785155E+03,6.314383E+03,3.502005E-01,5.524662E-01,4.500254E+03,8.983772E+03,2.322703E-01,7.859968E-01,6.922816E+03,8.374581E+03,3.573056E-01,7.327256E-01,4.573197E+03,4.038747E+03,2.360351E-01,3.533636E-01,8.254522E+03,7.810508E+03,4.260331E-01,6.833696E-01,5.421573E+03,1.004188E+04,2.798183E-01,8.785786E-01,8.371164E+03,9.889436E+03,4.320533E-01,8.652679E-01,5.506581E+03,4.994253E+03,2.842057E-01,4.369656E-01
11:00:00,6.063227E+03,3.831585E+04,3.129485E-01,3.352346E+00,1.158460E+04,2.763072E+04,5.979298E-01,2.417474E+00,2.073158E+04,3.005497E+04,1.070044E+00,2.629579E+00,1.015495E+04,8.387837E+03,5.241148E-01,7.338869E-01,6.609185E+03,9.970864E+03,3.411111E-01,8.723698E-01,1.025135E+04,1.077707E+04,5.290905E-01,9.429356E-01,6.698206E+03,5.364633E+03,3.457057E-01,4.693746E-01,6.730330E+03,6.358081E+03,3.473709E-01,5.562894E-01,4.463635E+03,8.570375E+03,2.303803E-01,7.498280E-01,6.866929E+03,8.737290E+03,3.544212E-01,7.644591E-01,4.536494E+03,4.078722E+03,2.341408E-01,3.568610E-01,8.192561E+03,7.853229E+03,4.228351E-01,6.871073E-01,5.380420E+03,9.623466E+03,2.776943E-01,8.419705E-01,8.308128E+03,1.025527E+04,4.287999E-01,8.972754E-01,5.465334E+03,5.033117E+03,2.820769E-01,4.403659E-01
11:15:00,5.983823E+03,3.822380E+04,3.088501E-01,3.344293E+00,1.145738E+04,2.753461E+04,5.913634E-01,2.409065E+00,2.044920E+04,3.017665E+04,1.055469E+00,2.640225E+00,1.007171E+04,8.476985E+03,5.198189E-01,7.416865E-01,6.555048E+03,9.551688E+03,3.383170E-01,8.356949E-01,1.016747E+04,1.117861E+04,5.247611E-01,9.780663E-01,6.644012E+03,5.432466E+03,3.429086E-01,4.753094E-01,6.680761E+03,6.398192E+03,3.448126E-01,5.597986E-01,4.430576E+03,8.124589E+03,2.286741E-01,7.108253E-01,6.816361E+03,9.085185E+03,3.518113E-01,7.948963E-01,4.503359E+03,4.116309E+03,2.324307E-01,3.601495E-01,8.136075E+03,7.892385E+03,4.199198E-01,6.905331E-01,5.342968E+03,9.172067E+03,2.757613E-01,8.024766E-01,8.250634E+03,1.060606E+04,4.258324E-01,9.279657E-01,5.427795E+03,5.069535E+03,2.801394E-01,4.435521E-01
11:30:00,5.910254E+03,3.813655E+04,3.050529E-01,3.336659E+00,1.133760E+04,2.744336E+04,5.851811E-01,2.401082E+00,2.018820E+04,3.029888E+04,1.041998E+00,2.650919E+00,9.995558E+03,8.561703E+03,5.158883E-01,7.490985E-01,6.505549E+03,9.112248E+03,3.357622E-01,7.972472E-01,1.009068E+04,1.155706E+04,5.207977E-01,1.011176E+00,6.594462E+03,5.497250E+03,3.403512E-01,4.809774E-01,6.635261E+03,6.434797E+03,3.424643E-01,5.630011E-01,4.400272E+03,7.660166E+03,2.271100E-01,6.701924E-01,6.769914E+03,9.411179E+03,3.494141E-01,8.234168E-01,4.472985E+03,4.151422E+03,2.308630E-01,3.632215E-01,8.083782E+03,7.928059E+03,4.172208E-01,6.936542E-01,5.308350E+03,8.701698E+03,2.739745E-01,7.613230E-01,8.197389E+03,1.093447E+04,4.230843E-01,9.566985E-01,5.393098E+03,5.103493E+03,2.783486E-01,4.465231E-01
11:45:00,5.841287E+03,3.805254E+04,3.014933E-01,3.329310E+00,1.122371E+04,2.735544E+04,5.793028E-01,2.393391E+00,1.994529E+04,3.041850E+04,1.029460E+00,2.661385E+00,9.925231E+03,8.641505E+03,5.122585E-01,7.560803E-01,6.459860E+03,8.671557E+03,3.334041E-01,7.586901E-01,1.001973E+04,1.190548E+04,5.171357E-01,1.041659E+00,6.548726E+03,5.558499E+03,3.379906E-01,4.863360E-01,6.593015E+03,6.467819E+03,3.402838E-01,5.658901E-01,4.372169E+03,7.195890E+03,2.256595E-01,6.295725E-01,6.726769E+03,9.708884E+03,3.471872E-01,8.494622E-01,4.444816E+03,4.183828E+03,2.294091E-01,3.660566E-01,8.034812E+03,7.960142E+03,4.146933E-01,6.964610E-01,5.275977E+03,8.231518E+03,2.723037E-01,7.201862E-01,8.147519E+03,1.123404E+04,4.205104E-01,9.829070E-01,5.360650E+03,5.134747E+03,2.766738E-01,4.492574E-01
12:00:00,5.776037E+03,3.797094E+04,2.981254E-01,3.322171E+00,1.111461E+04,2.727002E+04,5.736715E-01,2.385917E+00,1.971791E+04,3.053309E+04,1.017724E+00,2.671411E+00,9.859792E+03,8.716195E+03,5.088811E-01,7.626148E-01,6.417363E+03,8.254741E+03,3.312107E-01,7.222222E-01,9.953681E+03,1.221813E+04,5.137269E-01,1.069012E+00,6.506184E+03,5.616740E+03,3.357949E-01,4.914314E-01,6.553434E+03,6.497429E+03,3.382409E-01,5.684806E-01,4.345866E+03,6.756553E+03,2.243020E-01,5.911346E-01,6.686332E+03,9.973036E+03,3.451002E-01,8.725718E-01,4.418453E+03,4.214268E+03,2.280484E-01,3.687197E-01,7.988542E+03,7.988795E+03,4.123052E-01,6.989677E-01,5.245427E+03,7.786739E+03,2.707269E-01,6.812719E-01,8.100396E+03,1.149944E+04,4.180782E-01,1.006126E+00,5.330030E+03,5.164040E+03,2.750935E-01,4.518203E-01
12:15:00,5.714036E+03,3.789149E+04,2.949253E-01,3.315220E+00,1.100978E+04,2.718683E+04,5.682607E-01,2.378639E+00,1.950451E+04,3.064104E+04,1.006709E+00,2.680855E+00,9.798624E+03,8.785749E+03,5.057240E-01,7.687001E-01,6.377645E+03,7.883638E+03,3.291608E-01,6.897541E-01,9.891919E+03,1.248995E+04,5.105392E-01,1.092793E+00,6.466426E+03,5.687128E+03,3.337429E-01,4.975897E-01,6.516146E+03,6.523926E+03,3.363164E-01,5.707987E-01,4.321107E+03,6.363688E+03,2.230241E-01,5.567630E-01,6.648228E+03,1.019894E+04,3.431335E-01,8.923346E-01,4.393637E+03,4.257968E+03,2.267676E-01,3.725430E-01,7.944596E+03,8.014310E+03,4.100370E-01,7.012000E-01,5.216441E+03,7.389212E+03,2.692309E-01,6.464922E-01,8.055640E+03,1.172602E+04,4.157683E-01,1.025949E+00,5.300978E+03,5.206733E+03,2.735940E-01,4.555555E-01
12:30:00,5.654734E+03,3.781449E+04,2.918645E-01,3.308483E+00,1.090851E+04,2.710613E+04,5.630339E-01,2.371578E+00,1.930323E+04,3.074143E+04,9.963202E-01,2.689638E+00,9.741128E+03,8.850359E+03,5.027565E-01,7.743527E-01,6.340317E+03,7.566241E+03,3.272342E-01,6.619852E-01,9.833843E+03,1.271705E+04,5.075417E-01,1.112661E+00,6.429060E+03,5.785697E+03,3.318143E-01,5.062138E-01,6.480810E+03,6.547772E+03,3.344926E-01,5.728849E-01,4.297663E+03,6.025202E+03,2.218141E-01,5.271492E-01,6.612114E+03,1.038302E+04,3.412695E-01,9.084388E-01,4.370139E+03,4.330739E+03,2.255547E-01,3.789100E-01,7.902617E+03,8.037147E+03,4.078703E-01,7.031979E-01,5.188780E+03,7.046947E+03,2.678032E-01,6.165477E-01,8.012892E+03,1.191027E+04,4.135619E-01,1.042067E+00,5.273255E+03,5.278956E+03,2.721631E-01,4.618745E-01
12:45:00,5.597717E+03,3.774044E+04,2.889216E-01,3.302005E+00,1.081029E+04,2.702839E+04,5.579641E-01,2.364777E+00,1.911252E+04,3.083381E+04,9.864772E-01,2.697721E+00,9.686821E+03,8.910217E+03,4.999536E-01,7.795896E-01,6.305062E+03,7.306709E+03,3.254146E-01,6.392793E-01,9.778971E+03,1.289650E+04,5.047096E-01,1.128359E+00,6.393769E+03,5.925083E+03,3.299929E-01,5.184095E-01,6.447169E+03,6.569383E+03,3.327563E-01,5.747755E-01,4.275358E+03,5.745261E+03,2.206628E-01,5.026579E-01,6.577728E+03,1.052260E+04,3.394948E-01,9.206497E-01,4.347782E+03,4.445030E+03,2.244009E-01,3.889100E-01,7.862336E+03,8.057719E+03,4.057913E-01,7.049977E-01,5.162261E+03,6.764127E+03,2.664345E-01,5.918044E-01,7.971879E+03,1.204954E+04,4.114451E-01,1.054252E+00,5.246676E+03,5.393384E+03,2.707914E-01,4.718866E-01
13:00:00,5.542605E+03,3.766994E+04,2.860770E-01,3.295837E+00,1.071461E+04,2.695417E+04,5.530258E-01,2.358283E+00,1.893082E+04,3.091797E+04,9.770990E-01,2.705083E+00,9.635252E+03,8.965448E+03,4.972920E-01,7.844216E-01,6.271588E+03,7.105973E+03,3.236869E-01,6.217178E-01,9.726853E+03,1.302625E+04,5.020197E-01,1.139710E+00,6.360262E+03,6.115453E+03,3.282635E-01,5.350663E-01,6.415002E+03,6.589070E+03,3.310960E-01,5.764979E-01,4.254043E+03,5.524808E+03,2.195627E-01,4.833714E-01,6.544849E+03,1.061573E+04,3.377978E-01,9.287958E-01,4.326420E+03,4.610686E+03,2.232983E-01,4.034045E-01,7.823525E+03,8.076334E+03,4.037882E-01,7.066262E-01,5.136730E+03,6.541665E+03,2.651168E-01,5.723421E-01,7.932371E+03,1.214208E+04,4.094060E-01,1.062346E+00,5.221089E+03,5.560215E+03,2.694708E-01,4.864840E-01
13:15:00,5.489242E+03,3.760348E+04,2.833227E-01,3.290023E+00,1.062131E+04,2.688393E+04,5.482104E-01,2.352139E+00,1.875737E+04,3.099408E+04,9.681461E-01,2.711742E+00,9.586152E+03,9.016430E+03,4.947578E-01,7.888820E-01,6.239719E+03,6.961657E+03,3.220420E-01,6.090925E-01,9.677219E+03,1.310541E+04,4.994580E-01,1.146634E+00,6.328361E+03,6.364632E+03,3.266170E-01,5.568688E-01,6.384179E+03,6.607262E+03,3.295051E-01,5.780895E-01,4.233631E+03,5.361497E+03,2.185092E-01,4.690843E-01,6.513345E+03,1.066191E+04,3.361718E-01,9.328345E-01,4.305962E+03,4.835235E+03,2.222424E-01,4.230520E-01,7.786055E+03,8.093442E+03,4.018543E-01,7.081230E-01,5.112101E+03,6.377116E+03,2.638456E-01,5.579466E-01,7.894238E+03,1.218707E+04,4.074379E-01,1.066281E+00,5.196407E+03,5.787231E+03,2.681968E-01,5.063474E-01
13:30:00,5.437515E+03,3.754150E+04,2.806529E-01,3.284600E+00,1.053027E+04,2.681809E+04,5.435114E-01,2.346378E+00,1.859150E+04,3.106198E+04,9.595851E-01,2.717682E+00,9.539305E+03,9.063215E+03,4.923399E-01,7.929751E-01,6.209314E+03,6.866911E+03,3.204728E-01,6.008042E-01,9.629857E+03,1.313341E+04,4.970135E-01,1.149082E+00,6.297927E+03,6.677270E+03,3.250462E-01,5.842237E-01,6.354601E+03,6.624151E+03,3.279785E-01,5.795671E-01,4.214053E+03,5.248737E+03,2.174987E-01,4.592199E-01,6.483115E+03,1.066062E+04,3.346115E-01,9.327207E-01,4.286341E+03,5.123538E+03,2.212297E-01,4.482778E-01,7.749833E+03,8.109226E+03,3.999848E-01,7.095039E-01,5.088308E+03,6.263671E+03,2.626176E-01,5.480223E-01,7.857384E+03,1.218412E+04,4.055357E-01,1.066022E+00,5.172563E+03,6.079095E+03,2.669662E-01,5.318847E-01
13:45:00,5.387312E+03,3.748420E+04,2.780617E-01,3.279587E+00,1.044136E+04,2.675687E+04,5.389223E-01,2.341022E+00,1.843260E+04,3.112144E+04,9.513834E-01,2.722884E+00,9.494520E+03,9.105517E+03,4.900284E-01,7.966761E-01,6.180249E+03,6.810062E+03,3.189726E-01,5.958315E-01,9.584572E+03,1.311040E+04,4.946762E-01,1.147068E+00,6.268834E+03,7.055419E+03,3.235447E-01,6.173104E-01,6.326180E+03,6.639574E+03,3.265116E-01,5.809163E-01,4.195250E+03,5.175251E+03,2.165282E-01,4.527917E-01,6.454071E+03,1.061211E+04,3.331125E-01,9.284758E-01,4.267497E+03,5.477789E+03,2.202571E-01,4.792734E-01,7.714775E+03,8.123512E+03,3.981753E-01,7.107537E-01,5.065294E+03,6.189761E+03,2.614298E-01,5.415568E-01,7.821724E+03,1.213352E+04,4.036952E-01,1.061594E+00,5.149501E+03,6.437884E+03,2.657759E-01,5.632776E-01
14:00:00,5.338546E+03,3.743156E+04,2.755447E-01,3.274982E+00,1.035447E+04,2.670026E+04,5.344376E-01,2.336070E+00,1.828010E+04,3.117213E+04,9.435126E-01,2.727319E+00,9.451631E+03,9.142854E+03,4.878148E-01,7.999425E-01,6.152416E+03,6.773153E+03,3.175361E-01,5.926032E-01,9.541202E+03,1.303742E+04,4.924378E-01,1.140682E+00,6.240976E+03,7.497936E+03,3.221069E-01,6.560286E-01,6.298846E+03,6.653204E+03,3.251008E-01,5.821088E-01,4.177173E+03,5.123532E+03,2.155952E-01,4.482677E-01,6.426141E+03,1.051747E+04,3.316709E-01,9.201937E-01,4.249381E+03,5.897015E+03,2.193221E-01,5.159537E-01,7.680813E+03,8.135960E+03,3.964225E-01,7.118428E-01,5.043014E+03,6.137558E+03,2.602799E-01,5.369905E-01,7.787190E+03,1.203636E+04,4.019128E-01,1.053091E+00,5.127176E+03,6.862511E+03,2.646236E-01,6.004307E-01
14:15:00,5.290951E+03,3.738314E+04,2.730881E-01,3.270746E+00,1.026922E+04,2.664789E+04,5.300372E-01,2.331488E+00,1.813300E+04,3.121340E+04,9.359200E-01,2.730930E+00,9.410386E+03,9.173674E+03,4.856861E-01,8.026388E-01,6.125655E+03,6.739729E+03,3.161549E-01,5.896795E-01,9.499494E+03,1.291540E+04,4.902851E-01,1.130005E+00,6.214191E+03,7.986430E+03,3.207244E-01,6.987694E-01,6.272476E+03,6.663572E+03,3.237398E-01,5.830159E-01,4.159743E+03,5.077512E+03,2.146956E-01,4.442421E-01,6.399200E+03,1.037775E+04,3.302804E-01,9.079689E-01,4.231914E+03,6.363211E+03,2.184205E-01,5.567434E-01,7.647814E+03,8.145035E+03,3.947193E-01,7.126367E-01,5.021380E+03,6.090749E+03,2.591633E-01,5.328959E-01,7.753645E+03,1.189367E+04,4.001815E-01,1.040607E+00,5.105498E+03,7.334677E+03,2.635048E-01,6.417428E-01
14:30:00,5.244540E+03,3.733817E+04,2.706926E-01,3.266812E+00,1.018564E+04,2.659903E+04,5.257237E-01,2.327213E+00,1.799108E+04,3.124426E+04,9.285949E-01,2.733629E+00,9.370696E+03,9.197156E+03,4.836376E-01,8.046931E-01,6.099907E+03,6.706344E+03,3.148260E-01,5.867590E-01,9.459357E+03,1.274701E+04,4.882136E-01,1.115271E+00,6.188420E+03,8.500677E+03,3.193943E-01,7.437628E-01,6.247038E+03,6.669964E+03,3.224268E-01,5.835751E-01,4.142937E+03,5.033875E+03,2.138282E-01,4.404246E-01,6.373216E+03,1.019563E+04,3.289393E-01,8.920343E-01,4.215072E+03,6.856768E+03,2.175513E-01,5.999263E-01,7.615753E+03,8.149997E+03,3.930646E-01,7.130708E-01,5.000375E+03,6.046003E+03,2.580791E-01,5.289814E-01,7.721065E+03,1.170816E+04,3.985000E-01,1.024375E+00,5.084451E+03,7.834323E+03,2.624185E-01,6.854588E-01
14:45:00,5.199326E+03,3.729570E+04,2.683590E-01,3.263096E+00,1.010380E+04,2.655280E+04,5.214993E-01,2.323168E+00,1.785417E+04,3.126345E+04,9.215281E-01,2.735308E+00,9.332492E+03,9.212392E+03,4.816658E-01,8.060260E-01,6.075126E+03,6.671194E+03,3.135470E-01,5.836838E-01,9.420725E+03,1.253583E+04,4.862197E-01,1.096793E+00,6.163618E+03,9.022846E+03,3.181143E-01,7.894487E-01,6.222506E+03,6.671594E+03,3.211607E-01,5.837175E-01,4.126736E+03,4.990834E+03,2.129920E-01,4.366592E-01,6.348162E+03,9.974666E+03,3.276462E-01,8.727007E-01,4.198838E+03,7.360402E+03,2.167134E-01,6.439901E-01,7.584615E+03,8.150044E+03,3.914574E-01,7.130748E-01,4.979985E+03,6.001578E+03,2.570268E-01,5.250948E-01,7.689433E+03,1.148344E+04,3.968674E-01,1.004713E+00,5.064022E+03,8.343833E+03,2.613641E-01,7.300370E-01
15:00:00,5.155280E+03,3.725476E+04,2.660855E-01,3.259514E+00,1.002365E+04,2.650826E+04,5.173624E-01,2.319272E+00,1.772198E+04,3.126949E+04,9.147053E-01,2.735836E+00,9.295690E+03,9.218424E+03,4.797663E-01,8.065535E-01,6.051260E+03,6.632826E+03,3.123152E-01,5.803269E-01,9.383513E+03,1.228634E+04,4.842991E-01,1.074964E+00,6.139732E+03,9.536790E+03,3.168814E-01,8.344143E-01,6.198845E+03,6.667645E+03,3.199395E-01,5.833719E-01,4.111116E+03,4.946999E+03,2.121858E-01,4.328241E-01,6.324003E+03,9.719256E+03,3.263992E-01,8.503538E-01,4.183187E+03,7.858761E+03,2.159056E-01,6.875917E-01,7.554369E+03,8.144344E+03,3.898964E-01,7.125760E-01,4.960192E+03,5.956100E+03,2.560052E-01,5.211159E-01,7.658718E+03,1.122404E+04,3.952820E-01,9.820172E-01,5.044191E+03,8.847417E+03,2.603406E-01,7.740962E-01
15:15:00,5.112365E+03,3.721438E+04,2.638705E-01,3.255982E+00,9.945150E+03,2.646450E+04,5.133107E-01,2.315443E+00,1.759426E+04,3.126102E+04,9.081131E-01,2.735094E+00,9.260215E+03,9.208328E+03,4.779354E-01,8.056698E-01,6.028258E+03,6.586036E+03,3.111280E-01,5.762331E-01,9.347645E+03,1.200120E+04,4.824479E-01,1.050016E+00,6.116712E+03,1.003301E+04,3.156933E-01,8.778290E-01,6.176020E+03,6.651622E+03,3.187614E-01,5.819699E-01,4.096054E+03,4.897399E+03,2.114084E-01,4.284846E-01,6.300701E+03,9.432137E+03,3.251965E-01,8.252328E-01,4.168095E+03,8.342639E+03,2.151267E-01,7.299257E-01,7.524984E+03,8.126186E+03,3.883797E-01,7.109871E-01,4.940972E+03,5.904496E+03,2.550132E-01,5.166010E-01,7.628886E+03,1.093268E+04,3.937424E-01,9.565243E-01,5.024936E+03,9.335568E+03,2.593468E-01,8.168044E-01
15:30:00,5.070549E+03,3.717364E+04,2.617122E-01,3.252417E+00,9.868263E+03,2.642059E+04,5.093423E-01,2.311602E+00,1.747077E+04,3.123666E+04,9.017393E-01,2.732962E+00,9.225997E+03,9.184860E+03,4.761693E-01,8.036162E-01,6.006076E+03,6.532345E+03,3.099832E-01,5.715355E-01,9.313052E+03,1.168855E+04,4.806624E-01,1.022661E+00,6.094512E+03,1.049608E+04,3.145475E-01,9.183422E-01,6.153996E+03,6.626272E+03,3.176247E-01,5.797517E-01,4.081528E+03,4.843545E+03,2.106587E-01,4.237729E-01,6.278223E+03,9.121377E+03,3.240363E-01,7.980436E-01,4.153541E+03,8.796719E+03,2.143754E-01,7.696520E-01,7.496429E+03,8.098386E+03,3.869059E-01,7.085546E-01,4.922307E+03,5.848328E+03,2.540499E-01,5.116868E-01,7.599908E+03,1.061747E+04,3.922467E-01,9.289455E-01,5.006236E+03,9.793138E+03,2.583816E-01,8.568365E-01
15:45:00,5.029798E+03,3.713183E+04,2.596089E-01,3.248759E+00,9.792949E+03,2.637584E+04,5.054550E-01,2.307686E+00,1.735129E+04,3.119521E+04,8.955728E-01,2.729335E+00,9.192971E+03,9.148089E+03,4.744648E-01,8.003987E-01,5.984671E+03,6.471603E+03,3.088784E-01,5.662209E-01,9.279667E+03,1.135686E+04,4.789393E-01,9.936406E-01,6.073091E+03,1.091534E+04,3.134419E-01,9.550223E-01,6.132743E+03,6.591726E+03,3.165277E-01,5.767289E-01,4.067516E+03,4.785314E+03,2.099354E-01,4.186781E-01,6.256535E+03,8.795352E+03,3.229170E-01,7.695188E-01,4.139501E+03,9.210518E+03,2.136508E-01,8.058539E-01,7.468677E+03,8.061098E+03,3.854736E-01,7.052919E-01,4.904176E+03,5.787504E+03,2.531141E-01,5.063650E-01,7.571753E+03,1.028689E+04,3.907936E-01,9.000224E-01,4.988073E+03,1.020970E+04,2.574442E-01,8.932806E-01
16:00:00,4.990079E+03,3.708846E+04,2.575588E-01,3.244965E+00,9.719164E+03,2.632971E+04,5.016467E-01,2.303651E+00,1.723564E+04,3.113569E+04,8.896033E-01,2.724127E+00,9.161078E+03,9.097439E+03,4.728187E-01,7.959668E-01,5.964006E+03,6.403247E+03,3.078119E-01,5.602402E-01,9.247432E+03,1.101530E+04,4.772756E-01,9.637559E-01,6.052411E+03,1.128254E+04,3.123746E-01,9.871473E-01,6.112230E+03,6.547467E+03,3.154690E-01,5.728564E-01,4.053996E+03,4.722197E+03,2.092377E-01,4.131558E-01,6.235606E+03,8.463136E+03,3.218368E-01,7.404526E-01,4.125956E+03,9.575798E+03,2.129517E-01,8.378105E-01,7.441698E+03,8.013782E+03,3.840811E-01,7.011519E-01,4.886560E+03,5.721511E+03,2.522049E-01,5.005912E-01,7.544392E+03,9.950127E+03,3.893814E-01,8.705580E-01,4.970427E+03,1.057713E+04,2.565334E-01,9.254260E-01
16:15:00,4.951360E+03,3.704316E+04,2.555604E-01,3.241002E+00,9.646870E+03,2.628182E+04,4.979153E-01,2.299461E+00,1.712361E+04,3.105706E+04,8.838212E-01,2.717248E+00,9.130265E+03,9.033286E+03,4.712284E-01,7.903536E-01,5.944045E+03,6.327604E+03,3.067816E-01,5.536219E-01,9.216291E+03,1.067534E+04,4.756684E-01,9.340123E-01,6.032436E+03,1.159158E+04,3.113436E-01,1.014184E+00,6.092427E+03,6.494029E+03,3.144469E-01,5.681808E-01,4.040950E+03,4.654567E+03,2.085643E-01,4.072387E-01,6.215406E+03,8.136165E+03,3.207942E-01,7.118454E-01,4.112886E+03,9.886423E+03,2.122771E-01,8.649853E-01,7.415466E+03,7.957003E+03,3.827272E-01,6.961839E-01,4.869442E+03,5.650756E+03,2.513214E-01,4.944006E-01,7.517797E+03,9.618711E+03,3.880088E-01,8.415618E-01,4.953279E+03,1.088944E+04,2.556484E-01,9.527479E-01
16:30:00,4.913610E+03,3.699583E+04,2.536119E-01,3.236860E+00,9.576026E+03,2.623200E+04,4.942588E-01,2.295102E+00,1.701505E+04,3.095893E+04,8.782177E-01,2.708662E+00,9.100479E+03,8.960899E+03,4.696910E-01,7.840200E-01,5.924755E+03,6.244352E+03,3.057860E-01,5.463379E-01,9.186194E+03,1.034949E+04,4.741150E-01,9.055029E-01,6.013132E+03,1.183684E+04,3.103473E-01,1.035640E+00,6.073306E+03,6.436559E+03,3.134600E-01,5.631523E-01,4.028360E+03,4.582125E+03,2.079145E-01,4.009006E-01,6.195907E+03,7.826891E+03,3.197878E-01,6.847867E-01,4.100272E+03,1.013672E+04,2.116261E-01,8.868815E-01,7.389956E+03,7.896021E+03,3.814106E-01,6.908482E-01,4.852804E+03,5.574941E+03,2.504626E-01,4.877674E-01,7.491943E+03,9.305143E+03,3.866744E-01,8.141272E-01,4.936614E+03,1.114104E+04,2.547882E-01,9.747585E-01
16:45:00,4.876800E+03,3.694660E+04,2.517120E-01,3.232554E+00,9.506596E+03,2.618035E+04,4.906752E-01,2.290583E+00,1.690979E+04,3.084130E+04,8.727848E-01,2.698370E+00,9.071674E+03,8.889881E+03,4.682043E-01,7.778062E-01,5.906106E+03,6.153335E+03,3.048235E-01,5.383745E-01,9.157092E+03,1.004313E+04,4.726129E-01,8.786992E-01,5.994470E+03,1.201321E+04,3.093841E-01,1.051068E+00,6.054842E+03,6.384381E+03,3.125070E-01,5.585870E-01,4.016206E+03,4.504725E+03,2.072872E-01,3.941286E-01,6.177081E+03,7.540693E+03,3.188161E-01,6.597472E-01,4.088097E+03,1.032140E+04,2.109977E-01,9.030382E-01,7.365143E+03,7.840360E+03,3.801299E-01,6.859781E-01,4.836629E+03,5.493914E+03,2.496278E-01,4.806781E-01,7.466802E+03,9.014794E+03,3.853768E-01,7.887243E-01,4.920412E+03,1.132685E+04,2.539521E-01,9.910140E-01
17:00:00,4.840901E+03,3.689712E+04,2.498591E-01,3.228224E+00,9.438543E+03,2.612839E+04,4.871627E-01,2.286038E+00,1.680768E+04,3.070594E+04,8.675148E-01,2.686527E+00,9.043806E+03,8.826922E+03,4.667660E-01,7.722977E-01,5.888067E+03,6.054517E+03,3.038925E-01,5.297286E-01,9.128941E+03,9.757961E+03,4.711600E-01,8.537495E-01,5.976420E+03,1.210362E+04,3.084525E-01,1.058977E+00,6.037008E+03,6.343900E+03,3.115865E-01,5.550453E-01,4.004472E+03,4.422307E+03,2.066816E-01,3.869177E-01,6.158902E+03,7.279315E+03,3.178778E-01,6.368793E-01,4.076342E+03,1.042428E+04,2.103910E-01,9.120367E-01,7.341002E+03,7.796617E+03,3.788839E-01,6.821510E-01,4.820902E+03,5.407610E+03,2.488161E-01,4.731270E-01,7.442352E+03,8.749326E+03,3.841149E-01,7.654986E-01,4.904660E+03,1.142969E+04,2.531390E-01,1.000009E+00
17:15:00,4.806131E+03,3.685066E+04,2.480645E-01,3.224160E+00,9.372267E+03,2.607935E+04,4.837419E-01,2.281747E+00,1.670912E+04,3.055629E+04,8.624273E-01,2.673433E+00,9.016939E+03,8.782543E+03,4.653794E-01,7.684150E-01,5.870681E+03,5.952224E+03,3.029951E-01,5.207786E-01,9.101805E+03,9.497370E+03,4.697595E-01,8.309504E-01,5.959023E+03,1.210251E+04,3.075546E-01,1.058878E+00,6.019856E+03,6.325080E+03,3.107012E-01,5.533989E-01,3.993190E+03,4.338976E+03,2.060993E-01,3.796269E-01,6.141421E+03,7.046070E+03,3.169756E-01,6.164729E-01,4.065041E+03,1.043985E+04,2.098077E-01,9.133977E-01,7.317620E+03,7.775122E+03,3.776772E-01,6.802706E-01,4.805675E+03,5.320252E+03,2.480302E-01,4.654839E-01,7.418677E+03,8.512064E+03,3.828929E-01,7.447407E-01,4.889410E+03,1.144413E+04,2.523519E-01,1.001271E+00
17:30:00,4.772132E+03,3.680981E+04,2.463097E-01,3.220586E+00,9.307132E+03,2.603572E+04,4.803800E-01,2.277929E+00,1.661326E+04,3.039518E+04,8.574796E-01,2.659337E+00,8.990901E+03,8.754523E+03,4.640355E-01,7.659638E-01,5.853837E+03,5.844049E+03,3.021258E-01,5.113140E-01,9.075511E+03,9.258383E+03,4.684024E-01,8.100415E-01,5.942169E+03,1.201521E+04,3.066847E-01,1.051238E+00,6.003264E+03,6.325669E+03,3.098449E-01,5.534509E-01,3.982282E+03,4.252339E+03,2.055363E-01,3.720469E-01,6.124515E+03,6.838015E+03,3.161030E-01,5.982705E-01,4.054114E+03,1.037319E+04,2.092437E-01,9.075637E-01,7.294834E+03,7.773621E+03,3.765011E-01,6.801397E-01,4.790846E+03,5.229402E+03,2.472648E-01,4.575352E-01,7.395613E+03,8.300013E+03,3.817025E-01,7.261886E-01,4.874558E+03,1.137537E+04,2.515854E-01,9.952528E-01
17:45:00,4.739116E+03,3.677517E+04,2.446056E-01,3.217555E+00,9.243543E+03,2.599804E+04,4.770979E-01,2.274633E+00,1.652050E+04,3.022338E+04,8.526921E-01,2.644306E+00,8.965752E+03,8.734628E+03,4.627375E-01,7.642236E-01,5.837572E+03,5.726475E+03,3.012863E-01,5.010272E-01,9.050118E+03,9.032775E+03,4.670918E-01,7.903032E-01,5.925894E+03,1.183563E+04,3.058448E-01,1.035524E+00,5.987278E+03,6.337656E+03,3.090198E-01,5.545002E-01,3.971776E+03,4.158960E+03,2.049940E-01,3.638769E-01,6.108230E+03,6.647098E+03,3.152625E-01,5.815676E-01,4.043591E+03,1.021795E+04,2.087006E-01,8.939800E-01,7.272722E+03,7.783886E+03,3.753598E-01,6.810383E-01,4.776462E+03,5.131527E+03,2.465224E-01,4.489719E-01,7.373237E+03,8.104954E+03,3.805476E-01,7.091232E-01,4.860153E+03,1.121710E+04,2.508419E-01,9.814043E-01
18:00:00,4.707042E+03,3.674576E+04,2.429501E-01,3.214982E+00,9.181432E+03,2.596528E+04,4.738921E-01,2.271767E+00,1.643069E+04,3.004040E+04,8.480565E-01,2.628297E+00,8.941453E+03,8.722756E+03,4.614833E-01,7.631852E-01,5.821861E+03,5.601587E+03,3.004754E-01,4.901003E-01,9.025588E+03,8.817933E+03,4.658258E-01,7.715067E-01,5.910175E+03,1.156866E+04,3.050334E-01,1.012165E+00,5.971874E+03,6.360776E+03,3.082248E-01,5.565235E-01,3.961656E+03,4.062648E+03,2.044717E-01,3.554503E-01,6.092540E+03,6.470583E+03,3.144527E-01,5.661246E-01,4.033454E+03,9.979046E+03,2.081774E-01,8.730765E-01,7.251259E+03,7.805625E+03,3.742521E-01,6.829409E-01,4.762507E+03,5.028456E+03,2.458022E-01,4.399539E-01,7.351525E+03,7.924065E+03,3.794270E-01,6.932974E-01,4.846178E+03,1.097425E+04,2.501206E-01,9.601551E-01
18:15:00,4.675810E+03,3.671925E+04,2.413381E-01,3.212663E+00,9.120629E+03,2.593508E+04,4.707538E-01,2.269125E+00,1.634357E+04,2.984465E+04,8.435598E-01,2.611170E+00,9.115110E+03,8.710497E+03,4.704461E-01,7.621130E-01,5.938109E+03,5.471824E+03,3.064751E-01,4.787469E-01,9.199026E+03,8.609812E+03,4.747771E-01,7.532981E-01,6.026414E+03,1.121521E+04,3.110327E-01,9.812397E-01,6.061707E+03,6.387020E+03,3.128613E-01,5.588200E-01,4.021693E+03,3.962741E+03,2.075704E-01,3.467093E-01,6.182100E+03,6.304701E+03,3.190751E-01,5.516117E-01,4.093475E+03,9.656933E+03,2.112752E-01,8.448932E-01,7.394414E+03,7.830534E+03,3.816406E-01,6.851205E-01,4.858295E+03,4.922838E+03,2.507460E-01,4.307131E-01,7.494443E+03,7.753375E+03,3.868033E-01,6.783639E-01,4.941946E+03,1.064770E+04,2.550634E-01,9.315842E-01
18:30:00,4.647645E+03,3.669196E+04,2.398844E-01,3.210276E+00,9.064239E+03,2.590371E+04,4.678433E-01,2.266380E+00,1.626421E+04,2.963341E+04,8.394639E-01,2.592688E+00,9.290660E+03,8.678038E+03,4.795060E-01,7.592732E-01,6.055571E+03,5.336396E+03,3.125372E-01,4.668979E-01,9.374372E+03,8.396665E+03,4.838266E-01,7.346497E-01,6.143869E+03,1.077286E+04,3.170944E-01,9.425372E-01,6.152563E+03,6.397429E+03,3.175505E-01,5.597309E-01,4.082397E+03,3.860925E+03,2.107034E-01,3.378012E-01,6.272706E+03,6.137440E+03,3.237514E-01,5.369781E-01,4.154163E+03,9.248651E+03,2.144074E-01,8.091713E-01,7.538866E+03,7.838640E+03,3.890957E-01,6.858300E-01,4.954924E+03,4.813551E+03,2.557329E-01,4.211514E-01,7.638682E+03,7.580783E+03,3.942474E-01,6.632638E-01,5.038556E+03,1.023477E+04,2.600494E-01,8.954544E-01
18:45:00,4.625388E+03,3.665985E+04,2.387356E-01,3.207467E+00,9.016355E+03,2.586715E+04,4.653718E-01,2.263182E+00,1.619932E+04,2.940398E+04,8.361146E-01,2.572614E+00,9.469651E+03,8.595683E+03,4.887413E-01,7.520676E-01,6.175224E+03,5.201624E+03,3.187108E-01,4.551063E-01,9.553167E+03,8.184638E+03,4.930517E-01,7.160991E-01,6.263517E+03,1.022491E+04,3.232677E-01,8.945944E-01,6.245175E+03,6.363037E+03,3.223296E-01,5.567217E-01,4.144235E+03,3.760262E+03,2.138944E-01,3.289940E-01,6.365090E+03,5.974204E+03,3.285188E-01,5.226966E-01,4.215986E+03,8.737554E+03,2.175977E-01,7.644541E-01,7.685644E+03,7.800085E+03,3.966694E-01,6.824566E-01,5.053049E+03,4.706643E+03,2.607961E-01,4.117977E-01,7.785267E+03,7.412031E+03,4.018112E-01,6.484995E-01,5.136663E+03,9.718366E+03,2.651116E-01,8.502728E-01
19:00:00,4.608766E+03,3.661762E+04,2.378777E-01,3.203772E+00,8.976586E+03,2.582011E+04,4.633191E-01,2.259066E+00,1.614905E+04,2.915233E+04,8.335200E-01,2.550597E+00,9.652189E+03,8.453956E+03,4.981568E-01,7.396668E-01,6.297129E+03,5.070899E+03,3.249987E-01,4.436689E-01,9.735497E+03,7.978030E+03,5.024564E-01,6.980226E-01,6.385418E+03,9.586788E+03,3.295553E-01,8.387632E-01,6.339541E+03,6.273675E+03,3.271984E-01,5.489028E-01,4.207201E+03,3.664646E+03,2.171431E-01,3.206284E-01,6.459240E+03,5.818765E+03,3.333764E-01,5.090971E-01,4.278937E+03,8.138084E+03,2.208455E-01,7.120051E-01,7.834728E+03,7.705060E+03,4.043603E-01,6.741421E-01,5.152653E+03,4.605279E+03,2.659344E-01,4.029291E-01,7.934165E+03,7.251071E+03,4.094924E-01,6.344170E-01,5.236249E+03,9.113588E+03,2.702489E-01,7.973590E-01
19:15:00,4.595587E+03,3.655928E+04,2.371975E-01,3.198667E+00,8.941776E+03,2.575660E+04,4.615225E-01,2.253509E+00,1.611042E+04,2.887375E+04,8.315261E-01,2.526223E+00,9.837617E+03,8.254151E+03,5.077194E-01,7.221843E-01,6.420865E+03,4.944553E+03,3.313796E-01,4.326147E-01,9.920697E+03,7.777325E+03,5.120072E-01,6.804626E-01,6.509149E+03,8.897557E+03,3.359360E-01,7.784602E-01,6.435119E+03,6.129765E+03,3.321290E-01,5.363108E-01,4.270949E+03,3.574548E+03,2.204316E-01,3.127457E-01,6.554606E+03,5.671264E+03,3.382960E-01,4.961922E-01,4.342669E+03,7.488399E+03,2.241332E-01,6.551628E-01,7.985364E+03,7.554351E+03,4.121300E-01,6.609551E-01,5.253252E+03,4.509588E+03,2.711230E-01,3.945571E-01,8.084609E+03,7.098061E+03,4.172521E-01,6.210300E-01,5.336830E+03,8.458919E+03,2.754365E-01,7.400801E-01
19:30:00,4.584757E+03,3.648223E+04,2.366385E-01,3.191926E+00,8.910671E+03,2.567398E+04,4.599170E-01,2.246280E+00,1.608198E+04,2.856717E+04,8.300584E-01,2.499401E+00,1.002556E+04,8.008753E+03,5.174111E-01,7.007125E-01,6.546195E+03,4.819429E+03,3.378423E-01,4.216674E-01,1.010840E+04,7.577646E+03,5.216861E-01,6.629924E-01,6.634477E+03,8.197632E+03,3.423984E-01,7.172220E-01,6.531633E+03,5.944289E+03,3.371075E-01,5.200819E-01,4.335299E+03,3.486887E+03,2.237509E-01,3.050762E-01,6.650909E+03,5.526897E+03,3.432635E-01,4.835615E-01,4.407006E+03,6.828852E+03,2.274517E-01,5.974579E-01,8.137204E+03,7.360294E+03,4.199611E-01,6.439753E-01,5.354622E+03,4.416249E+03,2.763510E-01,3.863908E-01,8.236255E+03,6.947866E+03,4.250731E-01,6.078894E-01,5.438184E+03,7.794441E+03,2.806636E-01,6.819433E-01
19:45:00,4.575460E+03,3.638819E+04,2.361586E-01,3.183698E+00,8.882110E+03,2.557381E+04,4.584429E-01,2.237516E+00,1.606225E+04,2.823663E+04,8.290401E-01,2.470481E+00,1.021568E+04,7.741501E+03,5.272144E-01,6.773288E-01,6.672898E+03,4.702033E+03,3.443757E-01,4.113962E-01,1.029825E+04,7.388683E+03,5.314759E-01,6.464597E-01,6.761179E+03,7.526642E+03,3.489316E-01,6.585157E-01,6.628831E+03,5.739206E+03,3.421210E-01,5.021376E-01,4.400095E+03,3.407652E+03,2.270930E-01,2.981439E-01,6.747901E+03,5.394645E+03,3.482664E-01,4.719908E-01,4.471787E+03,6.198492E+03,2.307931E-01,5.423070E-01,8.289928E+03,7.145800E+03,4.278374E-01,6.252076E-01,5.456562E+03,4.331401E+03,2.816082E-01,3.789675E-01,8.388783E+03,6.809634E+03,4.329393E-01,5.957954E-01,5.540109E+03,7.159369E+03,2.859199E-01,6.263798E-01
20:00:00,4.567580E+03,3.628115E+04,2.357519E-01,3.174333E+00,8.855991E+03,2.545994E+04,4.570947E-01,2.227553E+00,1.605059E+04,2.788898E+04,8.284381E-01,2.440063E+00,1.040779E+04,7.458193E+03,5.371207E-01,6.525406E-01,6.800867E+03,4.592139E+03,3.509743E-01,4.017815E-01,1.049009E+04,7.211024E+03,5.413680E-01,6.309162E-01,6.889147E+03,6.897139E+03,3.555302E-01,6.034397E-01,6.726649E+03,5.519519E+03,3.471665E-01,4.829158E-01,4.465294E+03,3.334361E+03,2.304559E-01,2.917318E-01,6.845520E+03,5.274531E+03,3.533015E-01,4.614821E-01,4.536973E+03,5.609172E+03,2.341552E-01,4.907472E-01,8.443467E+03,6.916051E+03,4.357558E-01,6.051054E-01,5.559028E+03,4.254587E+03,2.868925E-01,3.722470E-01,8.542129E+03,6.683437E+03,4.408476E-01,5.847545E-01,5.642560E+03,6.565629E+03,2.912034E-01,5.744329E-01
20:15:00,4.561125E+03,3.616590E+04,2.354187E-01,3.164249E+00,8.832368E+03,2.533704E+04,4.558754E-01,2.216800E+00,1.604640E+04,2.753203E+04,8.282216E-01,2.408833E+00,1.040458E+04,7.171711E+03,5.369462E-01,6.274750E-01,6.798562E+03,4.489343E+03,3.508493E-01,3.927879E-01,1.048659E+04,7.044717E+03,5.411786E-01,6.163659E-01,6.886842E+03,6.322997E+03,3.554051E-01,5.532077E-01,6.720373E+03,5.296718E+03,3.468393E-01,4.634219E-01,4.461088E+03,3.269096E+03,2.302365E-01,2.860218E-01,6.839052E+03,5.165437E+03,3.529643E-01,4.519377E-01,4.532755E+03,5.074526E+03,2.339352E-01,4.439712E-01,8.433791E+03,6.682924E+03,4.352502E-01,5.847080E-01,5.552667E+03,4.184630E+03,2.865599E-01,3.661266E-01,8.532262E+03,6.568375E+03,4.403321E-01,5.746878E-01,5.636186E+03,6.026463E+03,2.908701E-01,5.272612E-01
20:30:00,4.553867E+03,3.604788E+04,2.350441E-01,3.153924E+00,8.808213E+03,2.521042E+04,4.546287E-01,2.205721E+00,1.604373E+04,2.717400E+04,8.280842E-01,2.377508E+00,1.040190E+04,6.899145E+03,5.367993E-01,6.036273E-01,6.796593E+03,4.395731E+03,3.507420E-01,3.845978E-01,1.048361E+04,6.893829E+03,5.410162E-01,6.031647E-01,6.884874E+03,5.819953E+03,3.552978E-01,5.091964E-01,6.714192E+03,5.086336E+03,3.465171E-01,4.450149E-01,4.456949E+03,3.210912E+03,2.300207E-01,2.809314E-01,6.832676E+03,5.070934E+03,3.526320E-01,4.436697E-01,4.528604E+03,4.610222E+03,2.337187E-01,4.033497E-01,8.424212E+03,6.462859E+03,4.347499E-01,5.654538E-01,5.546372E+03,4.123404E+03,2.862311E-01,3.607700E-01,8.522484E+03,6.468055E+03,4.398215E-01,5.659110E-01,5.629879E+03,5.557299E+03,2.905406E-01,4.862144E-01
20:45:00,4.542788E+03,3.593225E+04,2.344723E-01,3.143807E+00,8.779173E+03,2.508513E+04,4.531298E-01,2.194760E+00,1.603521E+04,2.682253E+04,8.276443E-01,2.346758E+00,1.039802E+04,6.662979E+03,5.365930E-01,5.829647E-01,6.793871E+03,4.306198E+03,3.505974E-01,3.767646E-01,1.047943E+04,6.750535E+03,5.407942E-01,5.906279E-01,6.882152E+03,5.417738E+03,3.551531E-01,4.740070E-01,6.707301E+03,4.909538E+03,3.461589E-01,4.295465E-01,4.452364E+03,3.157412E+03,2.297823E-01,2.762508E-01,6.825585E+03,4.983140E+03,3.522635E-01,4.359889E-01,4.524008E+03,4.245401E+03,2.334798E-01,3.714321E-01,8.413618E+03,6.277704E+03,4.341987E-01,5.492542E-01,5.539436E+03,4.065533E+03,2.858701E-01,3.557070E-01,8.511685E+03,6.374227E+03,4.392597E-01,5.577021E-01,5.622932E+03,5.187577E+03,2.901790E-01,4.538680E-01
21:00:00,4.528010E+03,3.582378E+04,2.337095E-01,3.134317E+00,8.745414E+03,2.496587E+04,4.513874E-01,2.184325E+00,1.602012E+04,2.648517E+04,8.268651E-01,2.317242E+00,1.039270E+04,6.468383E+03,5.363149E-01,5.659395E-01,6.790244E+03,4.218561E+03,3.504080E-01,3.690972E-01,1.047382E+04,6.611460E+03,5.405012E-01,5.784604E-01,6.878526E+03,5.126167E+03,3.549637E-01,4.484984E-01,6.699633E+03,4.771520E+03,3.457615E-01,4.174716E-01,4.447294E+03,3.105329E+03,2.295195E-01,2.716943E-01,6.817725E+03,4.898301E+03,3.518561E-01,4.285665E-01,4.518928E+03,3.989187E+03,2.332164E-01,3.490170E-01,8.401949E+03,6.132098E+03,4.335938E-01,5.365154E-01,5.531825E+03,4.008490E+03,2.854755E-01,3.507164E-01,8.499820E+03,6.282973E+03,4.386447E-01,5.497185E-01,5.615312E+03,4.926823E+03,2.897839E-01,4.310556E-01
21:15:00,4.511384E+03,3.572609E+04,2.328514E-01,3.125770E+00,8.709531E+03,2.485617E+04,4.495353E-01,2.174728E+00,1.600042E+04,2.616769E+04,8.258484E-01,2.289466E+00,1.038635E+04,6.312639E+03,5.359859E-01,5.523140E-01,6.785984E+03,4.133940E+03,3.501873E-01,3.616937E-01,1.046720E+04,6.477983E+03,5.401586E-01,5.667823E-01,6.874266E+03,4.916092E+03,3.547431E-01,4.301202E-01,6.691604E+03,4.669758E+03,3.453461E-01,4.085690E-01,4.442005E+03,3.055089E+03,2.292459E-01,2.672988E-01,6.809519E+03,4.817254E+03,3.514316E-01,4.214758E-01,4.513630E+03,3.812762E+03,2.329424E-01,3.335828E-01,8.389798E+03,6.023031E+03,4.329654E-01,5.269738E-01,5.523919E+03,3.953078E+03,2.850667E-01,3.458685E-01,8.487491E+03,6.195178E+03,4.380071E-01,5.420374E-01,5.607397E+03,4.745899E+03,2.893747E-01,4.152279E-01
21:30:00,4.494263E+03,3.564005E+04,2.319677E-01,3.118242E+00,8.673287E+03,2.475695E+04,4.476646E-01,2.166047E+00,1.597780E+04,2.587273E+04,8.246811E-01,2.263660E+00,1.037936E+04,6.184013E+03,5.356249E-01,5.410612E-01,6.781335E+03,4.056577E+03,3.499471E-01,3.549251E-01,1.045997E+04,6.356543E+03,5.397851E-01,5.561575E-01,6.869617E+03,4.754166E+03,3.545029E-01,4.159545E-01,6.683549E+03,4.591338E+03,3.449299E-01,4.017088E-01,4.436710E+03,3.010377E+03,2.289723E-01,2.633870E-01,6.801302E+03,4.745603E+03,3.510070E-01,4.152071E-01,4.508327E+03,3.682438E+03,2.326684E-01,3.221821E-01,8.377611E+03,5.938156E+03,4.323359E-01,5.195488E-01,5.516002E+03,3.903237E+03,2.846578E-01,3.415078E-01,8.475144E+03,6.116802E+03,4.373693E-01,5.351802E-01,5.599472E+03,4.611263E+03,2.889653E-01,4.034499E-01
21:45:00,4.477165E+03,3.556403E+04,2.310852E-01,3.111592E+00,8.637316E+03,2.466666E+04,4.458080E-01,2.158148E+00,1.595284E+04,2.559977E+04,8.233928E-01,2.239779E+00,1.037188E+04,6.068253E+03,5.352388E-01,5.309339E-01,6.776388E+03,3.984020E+03,3.496918E-01,3.485770E-01,1.045227E+04,6.243425E+03,5.393877E-01,5.462608E-01,6.864671E+03,4.616756E+03,3.542476E-01,4.039336E-01,6.675614E+03,4.522803E+03,3.445201E-01,3.957133E-01,4.431501E+03,2.968684E+03,2.287033E-01,2.597394E-01,6.793217E+03,4.679491E+03,3.505895E-01,4.094231E-01,4.503110E+03,3.574757E+03,2.323989E-01,3.127622E-01,8.365570E+03,5.863237E+03,4.317143E-01,5.129948E-01,5.508189E+03,3.856383E+03,2.842544E-01,3.374086E-01,8.462956E+03,6.043906E+03,4.367401E-01,5.288027E-01,5.591651E+03,4.499261E+03,2.885616E-01,3.936520E-01
22:00:00,4.460160E+03,3.549560E+04,2.302075E-01,3.105605E+00,8.601682E+03,2.458298E+04,4.439688E-01,2.150826E+00,1.592585E+04,2.534645E+04,8.219997E-01,2.217616E+00,1.036399E+04,5.961596E+03,5.348314E-01,5.216028E-01,6.771193E+03,3.915418E+03,3.494237E-01,3.425751E-01,1.044418E+04,6.136930E+03,5.389699E-01,5.369435E-01,6.859476E+03,4.496092E+03,3.539795E-01,3.933773E-01,6.667829E+03,4.460537E+03,3.441181E-01,3.902662E-01,4.426397E+03,2.929175E+03,2.284398E-01,2.562827E-01,6.785291E+03,4.617238E+03,3.501803E-01,4.039767E-01,4.497997E+03,3.482101E+03,2.321350E-01,3.046564E-01,8.353712E+03,5.794513E+03,4.311022E-01,5.069826E-01,5.500500E+03,3.811652E+03,2.838575E-01,3.334951E-01,8.450961E+03,5.974759E+03,4.361210E-01,5.227531E-01,5.583955E+03,4.402163E+03,2.881643E-01,3.851576E-01
22:15:00,3.895222E+03,3.200953E+04,2.010487E-01,2.784137E+00,7.510914E+03,2.147324E+04,3.876697E-01,1.878748E+00,1.392341E+04,2.206437E+04,7.186454E-01,1.930461E+00,9.065051E+03,5.168705E+03,4.678000E-01,4.522301E-01,5.922529E+03,3.395364E+03,3.056288E-01,2.970737E-01,9.135129E+03,5.322286E+03,4.714165E-01,4.656674E-01,5.999776E+03,3.889032E+03,3.096151E-01,3.401118E-01,5.830927E+03,3.875282E+03,3.009266E-01,3.390608E-01,3.870851E+03,2.545502E+03,1.997689E-01,2.227141E-01,5.933643E+03,4.012489E+03,3.062277E-01,3.510655E-01,3.933498E+03,3.005406E+03,2.030020E-01,2.629498E-01,7.304295E+03,5.039719E+03,3.769459E-01,4.409433E-01,4.809562E+03,3.315402E+03,2.482011E-01,2.900765E-01,7.389327E+03,5.197337E+03,3.813341E-01,4.547337E-01,4.882583E+03,3.817810E+03,2.519694E-01,3.338744E-01
22:30:00,3.332334E+03,2.936938E+04,1.719957E-01,2.522866E+00,6.424510E+03,1.872142E+04,3.315958E-01,1.632176E+00,1.192383E+04,1.917299E+04,6.154390E-01,1.671538E+00,7.825459E+03,4.440183E+03,4.031675E-01,3.876775E-01,5.120144E+03,2.918648E+03,2.637019E-01,2.548019E-01,7.892442E+03,4.579107E+03,4.065444E-01,3.997026E-01,5.193972E+03,3.340775E+03,2.674251E-01,2.913261E-01,4.995015E+03,3.299231E+03,2.577862E-01,2.886604E-01,3.315958E+03,2.167290E+03,1.711316E-01,1.896231E-01,5.083006E+03,3.416484E+03,2.623274E-01,2.989192E-01,3.369652E+03,2.544546E+03,1.739027E-01,2.226161E-01,6.256374E+03,4.344749E+03,3.228667E-01,3.793071E-01,4.119597E+03,2.859766E+03,2.125949E-01,2.496346E-01,6.329208E+03,4.486998E+03,3.266255E-01,3.916216E-01,4.182184E+03,3.290742E+03,2.158248E-01,2.869055E-01
22:45:00,2.771567E+03,2.712065E+04,1.430522E-01,2.288874E+00,5.342571E+03,1.629654E+04,2.757524E-01,1.408873E+00,9.927465E+03,1.662372E+04,5.123980E-01,1.437362E+00,6.730365E+03,3.780310E+03,3.443866E-01,3.282333E-01,4.414754E+03,2.487312E+03,2.257029E-01,2.158961E-01,6.797638E+03,3.908084E+03,3.476614E-01,3.390828E-01,4.487646E+03,2.864030E+03,2.292615E-01,2.478644E-01,4.160097E+03,2.737646E+03,2.146971E-01,2.394294E-01,2.761716E+03,1.803737E+03,1.425280E-01,1.576632E-01,4.233381E+03,2.850834E+03,2.184793E-01,2.490711E-01,2.806459E+03,2.135985E+03,1.448371E-01,1.861919E-01,5.217534E+03,3.712241E+03,2.691718E-01,3.222531E-01,3.449576E+03,2.446972E+03,1.778032E-01,2.123225E-01,5.289322E+03,3.844746E+03,2.727509E-01,3.334780E-01,3.511186E+03,2.832197E+03,1.808738E-01,2.449926E-01
23:00:00,2.212973E+03,2.495147E+04,1.142208E-01,2.060486E+00,4.265164E+03,1.412470E+04,2.201430E-01,1.203470E+00,7.934519E+03,1.434052E+04,4.095337E-01,1.222387E+00,5.731537E+03,3.174638E+03,2.894640E-01,2.727973E-01,3.769406E+03,2.092139E+03,1.901094E-01,1.796654E-01,5.794419E+03,3.294494E+03,2.924471E-01,2.827078E-01,3.841021E+03,2.431896E+03,1.934900E-01,2.077909E-01,3.326171E+03,2.227190E+03,1.716593E-01,1.939261E-01,2.208125E+03,1.472758E+03,1.139580E-01,1.280744E-01,3.384766E+03,2.336736E+03,1.746834E-01,2.029704E-01,2.243918E+03,1.767186E+03,1.158052E-01,1.527579E-01,4.239755E+03,3.132637E+03,2.179722E-01,2.690323E-01,2.822599E+03,2.068423E+03,1.447654E-01,1.774985E-01,4.312704E+03,3.257084E+03,2.214589E-01,2.792976E-01,2.885629E+03,2.415862E+03,1.477700E-01,2.062462E-01
23:15:00,1.656545E+03,2.288077E+04,8.550123E-02,1.839176E+00,3.192260E+03,1.196310E+04,1.647659E-01,9.989548E-01,5.945174E+03,1.208831E+04,3.068553E-01,1.010103E+00,4.796438E+03,2.590071E+03,2.370994E-01,2.190619E-01,3.165626E+03,1.709751E+03,1.561854E-01,1.444766E-01,4.854217E+03,2.699635E+03,2.397631E-01,2.278697E-01,3.235859E+03,2.013940E+03,1.593845E-01,1.689451E-01,2.493220E+03,1.765748E+03,1.286718E-01,1.520001E-01,1.655173E+03,1.169097E+03,8.542097E-02,1.004921E-01,2.537144E+03,1.862089E+03,1.309387E-01,1.597764E-01,1.682016E+03,1.413761E+03,8.680633E-02,1.205788E-01,3.354116E+03,2.570695E+03,1.704835E-01,2.171933E-01,2.246721E+03,1.700069E+03,1.137845E-01,1.434856E-01,3.422037E+03,2.684131E+03,1.736268E-01,2.262955E-01,2.305952E+03,2.011756E+03,1.165148E-01,1.685431E-01
23:30:00,1.102261E+03,2.086182E+04,5.689231E-02,1.621637E+00,2.123805E+03,9.878414E+03,1.096185E-01,8.000214E-01,3.959572E+03,9.930601E+03,2.043701E-01,8.049534E-01,3.909682E+03,2.027848E+03,1.866891E-01,1.671016E-01,2.592357E+03,1.342870E+03,1.234952E-01,1.105146E-01,3.961094E+03,2.129132E+03,1.889830E-01,1.749540E-01,2.660635E+03,1.617292E+03,1.264897E-01,1.318100E-01,1.661224E+03,1.294195E+03,8.573359E-02,1.094771E-01,1.102845E+03,8.612620E+02,5.691618E-02,7.269379E-02,1.690492E+03,1.382436E+03,8.724410E-02,1.163509E-01,1.120740E+03,1.069997E+03,5.783971E-02,8.923571E-02,2.501101E+03,2.027524E+03,1.243058E-01,1.668071E-01,1.697117E+03,1.345229E+03,8.386351E-02,1.105150E-01,2.567160E+03,2.132362E+03,1.272358E-01,1.749230E-01,1.755210E+03,1.626791E+03,8.642895E-02,1.323542E-01
23:45:00,5.500903E+02,1.888202E+04,2.839246E-02,1.406973E+00,1.059740E+03,7.839018E+03,5.469762E-02,6.044345E-01,1.977822E+03,7.833869E+03,1.020836E-01,6.045466E-01,3.053834E+03,1.484717E+03,1.375333E-01,1.166764E-01,2.038892E+03,9.883536E+02,9.160891E-02,7.755212E-02,3.098018E+03,1.577521E+03,1.394227E-01,1.235663E-01,2.105027E+03,1.235399E+03,9.439126E-02,9.590789E-02,8.301588E+02,8.422568E+02,4.284340E-02,6.844663E-02,5.511265E+02,5.654554E+02,2.844280E-02,4.581888E-02,8.447858E+02,9.208845E+02,4.359829E-02,7.431793E-02,5.740961E+02,7.395118E+02,2.946912E-02,5.897086E-02,1.671351E+03,1.500229E+03,7.907935E-02,1.176646E-01,1.163761E+03,1.000702E+03,5.460603E-02,7.835845E-02,1.735933E+03,1.596261E+03,8.181164E-02,1.247874E-01,1.221092E+03,1.254569E+03,5.702176E-02,9.721636E-02
24:00:00,0.000000E+00,1.693579E+04,0.000000E+00,1.194786E+00,0.000000E+00,5.837260E+03,0.000000E+00,4.116515E-01,0.000000E+00,5.789596E+03,0.000000E+00,4.082563E-01,2.224233E+03,9.570381E+02,8.944362E-02,6.752003E-02,1.502065E+03,6.440830E+02,6.039857E-02,4.543455E-02,2.260315E+03,1.041628E+03,9.089386E-02,7.347420E-02,1.565847E+03,8.662065E+02,6.296030E-02,6.108073E-02,0.000000E+00,3.997311E+02,0.000000E+00,2.818464E-02,3.082726E+01,2.756219E+02,1.239654E-03,1.943832E-02,1.878741E+01,4.686345E+02,7.576993E-04,3.305358E-02,5.232632E+01,4.184496E+02,2.104049E-03,2.950221E-02,8.675488E+02,9.853488E+02,3.491145E-02,6.951691E-02,6.464651E+02,6.645236E+02,2.600414E-02,4.687551E-02,9.299085E+02,1.072890E+03,3.741618E-02,7.567797E-02,7.023607E+02,8.931634E+02,2.824308E-02,6.298368E-02
Peak,7.479436E+03,4.014165E+04,3.814465E-01,3.491992E+00,1.369695E+04,2.945852E+04,7.017710E-01,2.561407E+00,2.513812E+04,3.126949E+04,1.290906E+00,2.735836E+00,1.157405E+04,9.218424E+03,5.952892E-01,8.065535E-01,7.537578E+03,1.173665E+04,3.876934E-01,1.021608E+00,1.167764E+04,1.313341E+04,6.006241E-01,1.149082E+00,7.627639E+03,1.210362E+04,3.923323E-01,1.058977E+00,7.632919E+03,6.671594E+03,3.923334E-01,5.837175E-01,5.068515E+03,1.056484E+04,2.605465E-01,9.195882E-01,7.781678E+03,1.066191E+04,3.999959E-01,9.328345E-01,5.142892E+03,1.043985E+04,2.643779E-01,9.133977E-01,9.199930E+03,8.150044E+03,4.730368E-01,7.130748E-01,6.051675E+03,1.165251E+04,3.111796E-01,1.014233E+00,9.327840E+03,1.218707E+04,4.796247E-01,1.066281E+00,6.138171E+03,1.144413E+04,3.156351E-01,1.001271E+00

Peak Vol Flow (m3/s),,,3.243910E-01,2.969672E+00,,,5.968026E-01,2.178280E+00,,,1.097817E+00,2.326619E+00,,,5.062480E-01,6.859121E-01,,,3.297036E-01,8.687995E-01,,,5.107849E-01,9.772068E-01,,,3.336486E-01,9.005787E-01,,,3.336496E-01,4.964071E-01,,,2.215749E-01,7.820395E-01,,,3.401659E-01,7.933044E-01,,,2.248332E-01,7.767749E-01,,,4.022816E-01,6.064156E-01,,,2.646345E-01,8.625276E-01,,,4.078841E-01,9.067905E-01,,,2.684235E-01,8.515045E-01
